model_name,dbt_layer,materialized,upstream_models,downstream_models,exposed_columns_json,primary_key_cols,canonical_alias,typical_join_keys_json,reference_sql,model_description,populated_at_utc,populated_by,source_manifest_hash
dim_date,mart_dim,table,,"obt_goods_movements,obt_procurement_overview,obt_vendor_scorecard","{""date_key"": {""description"": """", ""tests"": [""not_null"", ""unique""], ""type"": """"}}",date_key,date,{},"SELECT date.date_key
  FROM {{ ref('dim_date') }} AS date",Date dimension. Generated calendar covering 2023-2027.,2026-04-21T13:55:53.638974,dbt_manifest_compile,785efdd99ed6d19189aa3ce655f9ff9eba287cf0f9c311afbe149d37283829a5
dim_equipment,mart_dim,table,"hub_equipment,link_equipment_material,sat_equipment_general,sat_equipment_status","knowledge_cpe_lifecycle_metrics,obt_cpe_lifecycle","{""equipment_number"": {""description"": """", ""tests"": [""not_null"", ""unique""], ""type"": """"}, ""hk_equipment"": {""description"": """", ""tests"": [""not_null"", ""unique""], ""type"": """"}}","equipment_number,hk_equipment",equipment,{},"SELECT equipment.hk_equipment, equipment.equipment_number
  FROM {{ ref('dim_equipment') }} AS equipment",Individual CPE device dimension with current lifecycle status.,2026-04-21T13:55:53.638974,dbt_manifest_compile,785efdd99ed6d19189aa3ce655f9ff9eba287cf0f9c311afbe149d37283829a5
dim_material,mart_dim,table,"hub_material,sat_material_description,sat_material_general","knowledge_cpe_lifecycle_metrics,knowledge_inventory_alerts,obt_cpe_lifecycle,obt_goods_movements,obt_inventory_health,obt_procurement_overview","{""hk_material"": {""description"": """", ""tests"": [""not_null"", ""unique""], ""type"": """"}, ""material_number"": {""description"": """", ""tests"": [""not_null"", ""unique""], ""type"": """"}}","hk_material,material_number",material,{},"SELECT material.hk_material, material.material_number
  FROM {{ ref('dim_material') }} AS material",Material/CPE type dimension. Includes equipment_category derivation.,2026-04-21T13:55:53.638974,dbt_manifest_compile,785efdd99ed6d19189aa3ce655f9ff9eba287cf0f9c311afbe149d37283829a5
dim_movement_type,mart_dim,table,movement_type_mapping,obt_goods_movements,"{""movement_type"": {""description"": """", ""tests"": [""not_null"", ""unique""], ""type"": """"}}",movement_type,movement_type,{},"SELECT movement_type.movement_type
  FROM {{ ref('dim_movement_type') }} AS movement_type",Movement type reference from business-defined seed.,2026-04-21T13:55:53.638974,dbt_manifest_compile,785efdd99ed6d19189aa3ce655f9ff9eba287cf0f9c311afbe149d37283829a5
dim_plant,mart_dim,table,"hub_plant,raw_sap.t001,raw_sap.t001w","knowledge_inventory_alerts,obt_goods_movements,obt_inventory_health","{""hk_plant"": {""description"": """", ""tests"": [""not_null"", ""unique""], ""type"": """"}}",hk_plant,plant,{},"SELECT plant.hk_plant
  FROM {{ ref('dim_plant') }} AS plant",Plant/warehouse dimension with company context.,2026-04-21T13:55:53.638974,dbt_manifest_compile,785efdd99ed6d19189aa3ce655f9ff9eba287cf0f9c311afbe149d37283829a5
dim_storage_location,mart_dim,table,"raw_sap.t001l,raw_sap.t001w",obt_inventory_health,{},,storage_location,{},"SELECT storage_location.*
  FROM {{ ref('dim_storage_location') }} AS storage_location",Storage location dimension with derived location_type.,2026-04-21T13:55:53.638974,dbt_manifest_compile,785efdd99ed6d19189aa3ce655f9ff9eba287cf0f9c311afbe149d37283829a5
dim_vendor,mart_dim,table,"hub_vendor,sat_vendor_commercial,sat_vendor_general","knowledge_vendor_performance,obt_procurement_overview,obt_vendor_scorecard","{""hk_vendor"": {""description"": """", ""tests"": [""not_null"", ""unique""], ""type"": """"}, ""vendor_id"": {""description"": """", ""tests"": [""not_null"", ""unique""], ""type"": """"}}","hk_vendor,vendor_id",vendor,{},"SELECT vendor.hk_vendor, vendor.vendor_id
  FROM {{ ref('dim_vendor') }} AS vendor",Vendor dimension. Current state from vault satellites. One row per vendor.,2026-04-21T13:55:53.638974,dbt_manifest_compile,785efdd99ed6d19189aa3ce655f9ff9eba287cf0f9c311afbe149d37283829a5
fact_equipment_lifecycle,mart_fact,table,"hub_equipment,link_equipment_material,sat_equipment_general,sat_equipment_status",,"{""hk_equipment"": {""description"": """", ""tests"": [""not_null""], ""type"": """"}}",,equipment_lifecycle,{},"SELECT equipment_lifecycle.hk_equipment
  FROM {{ ref('fact_equipment_lifecycle') }} AS equipment_lifecycle",CPE lifecycle events with days_in_status and deployment timing. Feeds BG003 (defect rate) and BG006 (lifecycle status).,2026-04-21T13:55:53.638974,dbt_manifest_compile,785efdd99ed6d19189aa3ce655f9ff9eba287cf0f9c311afbe149d37283829a5
fact_goods_movements,mart_fact,table,"hub_material_document,link_gr_material,sat_gr_header,sat_gr_item",obt_goods_movements,"{""material_document_number"": {""description"": """", ""tests"": [""not_null""], ""type"": """"}}",,goods_movements,{},"SELECT goods_movements.material_document_number
  FROM {{ ref('fact_goods_movements') }} AS goods_movements",All material movements with signed_quantity for stock impact calculation.,2026-04-21T13:55:53.638974,dbt_manifest_compile,785efdd99ed6d19189aa3ce655f9ff9eba287cf0f9c311afbe149d37283829a5
fact_goods_receipt_accuracy,mart_fact,table,"stg_sap__ekpo,stg_sap__mkpf,stg_sap__mseg",,{},,goods_receipt_accuracy,{},"SELECT goods_receipt_accuracy.*
  FROM {{ ref('fact_goods_receipt_accuracy') }} AS goods_receipt_accuracy",,2026-04-21T13:55:53.638974,dbt_manifest_compile,785efdd99ed6d19189aa3ce655f9ff9eba287cf0f9c311afbe149d37283829a5
fact_inventory,mart_fact,table,"hub_material,hub_plant,sat_stock_level","knowledge_inventory_alerts,knowledge_procurement_health,obt_inventory_health",{},,inventory,{},"SELECT inventory.*
  FROM {{ ref('fact_inventory') }} AS inventory",Current stock levels with health flags.,2026-04-21T13:55:53.638974,dbt_manifest_compile,785efdd99ed6d19189aa3ce655f9ff9eba287cf0f9c311afbe149d37283829a5
fact_invoices,mart_fact,table,"hub_invoice,link_invoice_po,sat_invoice_header,sat_po_header",,{},,invoices,{},"SELECT invoices.*
  FROM {{ ref('fact_invoices') }} AS invoices",Invoice fact with PO reference for three-way match analysis.,2026-04-21T13:55:53.638974,dbt_manifest_compile,785efdd99ed6d19189aa3ce655f9ff9eba287cf0f9c311afbe149d37283829a5
fact_purchase_orders,mart_fact,table,"link_gr_po,link_po_material,link_po_vendor,link_pr_po,sat_gr_header,sat_gr_item,sat_po_account,sat_po_header,sat_po_item,sat_po_schedule,sat_pr_detail","knowledge_procurement_health,knowledge_vendor_performance,obt_procurement_overview,obt_vendor_scorecard","{""hk_po_material"": {""description"": """", ""tests"": [""not_null""], ""type"": """"}, ""purchase_order_number"": {""description"": """", ""tests"": [""not_null""], ""type"": """"}}",,purchase_orders,{},"SELECT purchase_orders.hk_po_material, purchase_orders.purchase_order_number
  FROM {{ ref('fact_purchase_orders') }} AS purchase_orders","Central procurement fact at PO item grain. Includes lead_time_days (BG001), is_on_time (BG002), po_cycle_days (BG008).",2026-04-21T13:55:53.638974,dbt_manifest_compile,785efdd99ed6d19189aa3ce655f9ff9eba287cf0f9c311afbe149d37283829a5
hub_equipment,vault_hub,incremental,stg_sap__equi,"dim_equipment,fact_equipment_lifecycle","{""equipment_number"": {""description"": """", ""tests"": [""not_null"", ""unique""], ""type"": """"}, ""hk_equipment"": {""description"": """", ""tests"": [""not_null"", ""unique""], ""type"": """"}}",hk_equipment,equipment,{},"SELECT equipment.hk_equipment, equipment.equipment_number
  FROM {{ ref('hub_equipment') }} AS equipment",Hub: one row per individual CPE device. Business key: EQUNR.,2026-04-21T13:55:53.638974,dbt_manifest_compile,785efdd99ed6d19189aa3ce655f9ff9eba287cf0f9c311afbe149d37283829a5
hub_invoice,vault_hub,incremental,stg_sap__rbkp,fact_invoices,"{""hk_invoice"": {""description"": """", ""tests"": [""not_null"", ""unique""], ""type"": """"}}",hk_invoice,invoice,{},"SELECT invoice.hk_invoice
  FROM {{ ref('hub_invoice') }} AS invoice",Hub: one row per invoice document. Composite key: BELNR + GJAHR.,2026-04-21T13:55:53.638974,dbt_manifest_compile,785efdd99ed6d19189aa3ce655f9ff9eba287cf0f9c311afbe149d37283829a5
hub_material,vault_hub,incremental,stg_sap__mara,"dim_material,fact_inventory","{""hk_material"": {""description"": """", ""tests"": [""not_null"", ""unique""], ""type"": """"}, ""material_number"": {""description"": """", ""tests"": [""not_null"", ""unique""], ""type"": """"}}",hk_material,material,{},"SELECT material.hk_material, material.material_number
  FROM {{ ref('hub_material') }} AS material",Hub: one row per unique material/CPE type. Business key: MATNR.,2026-04-21T13:55:53.638974,dbt_manifest_compile,785efdd99ed6d19189aa3ce655f9ff9eba287cf0f9c311afbe149d37283829a5
hub_material_document,vault_hub,incremental,stg_sap__mkpf,fact_goods_movements,"{""hk_material_document"": {""description"": """", ""tests"": [""not_null"", ""unique""], ""type"": """"}}",hk_material_document,material_document,{},"SELECT material_document.hk_material_document
  FROM {{ ref('hub_material_document') }} AS material_document",Hub: one row per goods movement document. Composite key: MBLNR + MJAHR.,2026-04-21T13:55:53.638974,dbt_manifest_compile,785efdd99ed6d19189aa3ce655f9ff9eba287cf0f9c311afbe149d37283829a5
hub_plant,vault_hub,incremental,stg_sap__t001w,"dim_plant,fact_inventory","{""hk_plant"": {""description"": """", ""tests"": [""not_null"", ""unique""], ""type"": """"}, ""plant_code"": {""description"": """", ""tests"": [""not_null"", ""unique""], ""type"": """"}}",hk_plant,plant,{},"SELECT plant.hk_plant, plant.plant_code
  FROM {{ ref('hub_plant') }} AS plant",Hub: one row per warehouse/plant. Business key: WERKS.,2026-04-21T13:55:53.638974,dbt_manifest_compile,785efdd99ed6d19189aa3ce655f9ff9eba287cf0f9c311afbe149d37283829a5
hub_purchase_order,vault_hub,incremental,stg_sap__ekko,,"{""hk_purchase_order"": {""description"": """", ""tests"": [""not_null"", ""unique""], ""type"": """"}, ""purchase_order_number"": {""description"": """", ""tests"": [""not_null"", ""unique""], ""type"": """"}}",hk_purchase_order,purchase_order,{},"SELECT purchase_order.hk_purchase_order, purchase_order.purchase_order_number
  FROM {{ ref('hub_purchase_order') }} AS purchase_order",Hub: one row per unique purchase order. Business key: EBELN.,2026-04-21T13:55:53.638974,dbt_manifest_compile,785efdd99ed6d19189aa3ce655f9ff9eba287cf0f9c311afbe149d37283829a5
hub_purchase_requisition,vault_hub,incremental,stg_sap__eban,,"{""hk_purchase_requisition"": {""description"": """", ""tests"": [""not_null"", ""unique""], ""type"": """"}}",hk_purchase_requisition,purchase_requisition,{},"SELECT purchase_requisition.hk_purchase_requisition
  FROM {{ ref('hub_purchase_requisition') }} AS purchase_requisition",Hub: one row per purchase requisition. Business key: BANFN.,2026-04-21T13:55:53.638974,dbt_manifest_compile,785efdd99ed6d19189aa3ce655f9ff9eba287cf0f9c311afbe149d37283829a5
hub_vendor,vault_hub,incremental,stg_sap__lfa1,dim_vendor,"{""hk_vendor"": {""description"": """", ""tests"": [""not_null"", ""unique""], ""type"": """"}, ""vendor_id"": {""description"": """", ""tests"": [""not_null"", ""unique""], ""type"": """"}}",hk_vendor,vendor,{},"SELECT vendor.hk_vendor, vendor.vendor_id
  FROM {{ ref('hub_vendor') }} AS vendor",Hub: one row per unique vendor. Business key: LIFNR.,2026-04-21T13:55:53.638974,dbt_manifest_compile,785efdd99ed6d19189aa3ce655f9ff9eba287cf0f9c311afbe149d37283829a5
knowledge_cpe_lifecycle_metrics,knowledge,view,"dim_equipment,dim_material",,{},,cpe_lifecycle_metrics,{},"SELECT cpe_lifecycle_metrics.*
  FROM {{ ref('knowledge_cpe_lifecycle_metrics') }} AS cpe_lifecycle_metrics",CPE lifecycle stats per equipment category. Defect and return rates with health thresholds.,2026-04-21T13:55:53.638974,dbt_manifest_compile,785efdd99ed6d19189aa3ce655f9ff9eba287cf0f9c311afbe149d37283829a5
knowledge_inventory_alerts,knowledge,view,"dim_material,dim_plant,fact_inventory",,{},,inventory_alerts,{},"SELECT inventory_alerts.*
  FROM {{ ref('knowledge_inventory_alerts') }} AS inventory_alerts","Flagged inventory locations: zero stock, blocked stock, excess stock.",2026-04-21T13:55:53.638974,dbt_manifest_compile,785efdd99ed6d19189aa3ce655f9ff9eba287cf0f9c311afbe149d37283829a5
knowledge_pipeline_summary,knowledge,view,,,{},,pipeline_summary,{},"SELECT pipeline_summary.*
  FROM {{ ref('knowledge_pipeline_summary') }} AS pipeline_summary",Object counts per layer for session context overview.,2026-04-21T13:55:53.638974,dbt_manifest_compile,785efdd99ed6d19189aa3ce655f9ff9eba287cf0f9c311afbe149d37283829a5
knowledge_procurement_health,knowledge,view,"fact_inventory,fact_purchase_orders,obt_vendor_scorecard",,{},,procurement_health,{},"SELECT procurement_health.*
  FROM {{ ref('knowledge_procurement_health') }} AS procurement_health",Live procurement KPIs with health assessments (GREEN/YELLOW/RED).,2026-04-21T13:55:53.638974,dbt_manifest_compile,785efdd99ed6d19189aa3ce655f9ff9eba287cf0f9c311afbe149d37283829a5
knowledge_vendor_performance,knowledge,view,"dim_vendor,fact_purchase_orders",,{},,vendor_performance,{},"SELECT vendor_performance.*
  FROM {{ ref('knowledge_vendor_performance') }} AS vendor_performance",One row per vendor with performance grade A/B/C/D.,2026-04-21T13:55:53.638974,dbt_manifest_compile,785efdd99ed6d19189aa3ce655f9ff9eba287cf0f9c311afbe149d37283829a5
link_equipment_gr,vault_link,incremental,"stg_sap__mkpf,stg_sap__seri",,"{""hk_equipment_gr"": {""description"": """", ""tests"": [""not_null"", ""unique""], ""type"": """"}}",hk_equipment_gr,equipment_gr,{},"SELECT equipment_gr.hk_equipment_gr
  FROM {{ ref('link_equipment_gr') }} AS equipment_gr",Link: Equipment ↔ GR. Enables device-to-PO traceability.,2026-04-21T13:55:53.638974,dbt_manifest_compile,785efdd99ed6d19189aa3ce655f9ff9eba287cf0f9c311afbe149d37283829a5
link_equipment_material,vault_link,incremental,stg_sap__equi,"dim_equipment,fact_equipment_lifecycle","{""hk_equipment_material"": {""description"": """", ""tests"": [""not_null"", ""unique""], ""type"": """"}}",hk_equipment_material,equipment_material,{},"SELECT equipment_material.hk_equipment_material
  FROM {{ ref('link_equipment_material') }} AS equipment_material",Link: Equipment ↔ Material.,2026-04-21T13:55:53.638974,dbt_manifest_compile,785efdd99ed6d19189aa3ce655f9ff9eba287cf0f9c311afbe149d37283829a5
link_gr_material,vault_link,incremental,stg_sap__mseg,fact_goods_movements,"{""hk_gr_material"": {""description"": """", ""tests"": [""not_null"", ""unique""], ""type"": """"}}",hk_gr_material,gr_material,{},"SELECT gr_material.hk_gr_material
  FROM {{ ref('link_gr_material') }} AS gr_material",Link: Goods Receipt ↔ Material.,2026-04-21T13:55:53.638974,dbt_manifest_compile,785efdd99ed6d19189aa3ce655f9ff9eba287cf0f9c311afbe149d37283829a5
link_gr_po,vault_link,incremental,stg_sap__mseg,fact_purchase_orders,"{""hk_gr_po"": {""description"": """", ""tests"": [""not_null"", ""unique""], ""type"": """"}}",hk_gr_po,gr_po,{},"SELECT gr_po.hk_gr_po
  FROM {{ ref('link_gr_po') }} AS gr_po",Link: Goods Receipt ↔ PO.,2026-04-21T13:55:53.638974,dbt_manifest_compile,785efdd99ed6d19189aa3ce655f9ff9eba287cf0f9c311afbe149d37283829a5
link_invoice_po,vault_link,incremental,stg_sap__rbkp,fact_invoices,"{""hk_invoice_po"": {""description"": """", ""tests"": [""not_null"", ""unique""], ""type"": """"}}",hk_invoice_po,invoice_po,{},"SELECT invoice_po.hk_invoice_po
  FROM {{ ref('link_invoice_po') }} AS invoice_po",Link: Invoice ↔ PO.,2026-04-21T13:55:53.638974,dbt_manifest_compile,785efdd99ed6d19189aa3ce655f9ff9eba287cf0f9c311afbe149d37283829a5
link_po_item,vault_link,incremental,stg_sap__ekpo,,"{""hk_po_item"": {""description"": """", ""tests"": [""not_null"", ""unique""], ""type"": """"}, ""hk_purchase_order"": {""description"": """", ""tests"": [""not_null""], ""type"": """"}}",hk_po_item,po_item,{},"SELECT po_item.hk_po_item, po_item.hk_purchase_order
  FROM {{ ref('link_po_item') }} AS po_item",Link: PO header ↔ PO item. Connects line items to their parent PO. Parent for sat_po_schedule and sat_po_account.,2026-04-21T13:55:53.638974,dbt_manifest_compile,785efdd99ed6d19189aa3ce655f9ff9eba287cf0f9c311afbe149d37283829a5
link_po_material,vault_link,incremental,stg_sap__ekpo,fact_purchase_orders,"{""hk_po_material"": {""description"": """", ""tests"": [""not_null"", ""unique""], ""type"": """"}}",hk_po_material,po_material,{},"SELECT po_material.hk_po_material
  FROM {{ ref('link_po_material') }} AS po_material",Link: PO ↔ Material at item level.,2026-04-21T13:55:53.638974,dbt_manifest_compile,785efdd99ed6d19189aa3ce655f9ff9eba287cf0f9c311afbe149d37283829a5
link_po_plant,vault_link,incremental,stg_sap__ekpo,,"{""hk_po_plant"": {""description"": """", ""tests"": [""not_null"", ""unique""], ""type"": """"}}",hk_po_plant,po_plant,{},"SELECT po_plant.hk_po_plant
  FROM {{ ref('link_po_plant') }} AS po_plant",Link: PO ↔ Plant.,2026-04-21T13:55:53.638974,dbt_manifest_compile,785efdd99ed6d19189aa3ce655f9ff9eba287cf0f9c311afbe149d37283829a5
link_po_vendor,vault_link,incremental,stg_sap__ekko,fact_purchase_orders,"{""hk_po_vendor"": {""description"": """", ""tests"": [""not_null"", ""unique""], ""type"": """"}}",hk_po_vendor,po_vendor,{},"SELECT po_vendor.hk_po_vendor
  FROM {{ ref('link_po_vendor') }} AS po_vendor",Link: Purchase Order ↔ Vendor.,2026-04-21T13:55:53.638974,dbt_manifest_compile,785efdd99ed6d19189aa3ce655f9ff9eba287cf0f9c311afbe149d37283829a5
link_pr_po,vault_link,incremental,stg_sap__ekpo,fact_purchase_orders,"{""hk_pr_po"": {""description"": """", ""tests"": [""not_null"", ""unique""], ""type"": """"}}",hk_pr_po,pr_po,{},"SELECT pr_po.hk_pr_po
  FROM {{ ref('link_pr_po') }} AS pr_po",Link: Purchase Requisition ↔ PO.,2026-04-21T13:55:53.638974,dbt_manifest_compile,785efdd99ed6d19189aa3ce655f9ff9eba287cf0f9c311afbe149d37283829a5
obt_cpe_lifecycle,obt,view,"dim_equipment,dim_material",,{},,cpe_lifecycle,{},"SELECT cpe_lifecycle.*
  FROM {{ ref('obt_cpe_lifecycle') }} AS cpe_lifecycle",Equipment lifecycle view with material details for CPE tracking dashboard.,2026-04-21T13:55:53.638974,dbt_manifest_compile,785efdd99ed6d19189aa3ce655f9ff9eba287cf0f9c311afbe149d37283829a5
obt_goods_movements,obt,view,"dim_date,dim_material,dim_movement_type,dim_plant,fact_goods_movements",,{},,goods_movements,{},"SELECT goods_movements.*
  FROM {{ ref('obt_goods_movements') }} AS goods_movements",All movements with full dimensional context for movement analysis.,2026-04-21T13:55:53.638974,dbt_manifest_compile,785efdd99ed6d19189aa3ce655f9ff9eba287cf0f9c311afbe149d37283829a5
obt_inventory_health,obt,view,"dim_material,dim_plant,dim_storage_location,fact_inventory",,{},,inventory_health,{},"SELECT inventory_health.*
  FROM {{ ref('obt_inventory_health') }} AS inventory_health","Current stock with material, plant, and storage location context.",2026-04-21T13:55:53.638974,dbt_manifest_compile,785efdd99ed6d19189aa3ce655f9ff9eba287cf0f9c311afbe149d37283829a5
obt_procurement_overview,obt,view,"dim_date,dim_material,dim_vendor,fact_purchase_orders",,{},,procurement_overview,{},"SELECT procurement_overview.*
  FROM {{ ref('obt_procurement_overview') }} AS procurement_overview",Wide flat table for Streamlit procurement dashboard. Joins fact_purchase_orders with all dims.,2026-04-21T13:55:53.638974,dbt_manifest_compile,785efdd99ed6d19189aa3ce655f9ff9eba287cf0f9c311afbe149d37283829a5
obt_vendor_scorecard,obt,view,"dim_date,dim_vendor,fact_purchase_orders",knowledge_procurement_health,{},,vendor_scorecard,{},"SELECT vendor_scorecard.*
  FROM {{ ref('obt_vendor_scorecard') }} AS vendor_scorecard","Quarterly vendor performance: lead time, OTD rate, spend share, concentration risk.",2026-04-21T13:55:53.638974,dbt_manifest_compile,785efdd99ed6d19189aa3ce655f9ff9eba287cf0f9c311afbe149d37283829a5
sat_equipment_general,vault_satellite,incremental,stg_sap__equi,"dim_equipment,fact_equipment_lifecycle","{""hk_equipment"": {""description"": """", ""tests"": [""not_null""], ""type"": """"}}","hk_equipment,load_date",equipment_general,{},"SELECT equipment_general.hk_equipment
  FROM {{ ref('sat_equipment_general') }} AS equipment_general","Satellite: serial number, manufacturer, model.",2026-04-21T13:55:53.638974,dbt_manifest_compile,785efdd99ed6d19189aa3ce655f9ff9eba287cf0f9c311afbe149d37283829a5
sat_equipment_status,vault_satellite,incremental,stg_sap__eqbs,"dim_equipment,fact_equipment_lifecycle","{""hk_equipment"": {""description"": """", ""tests"": [""not_null""], ""type"": """"}, ""status_from_date"": {""description"": """", ""tests"": [""not_null""], ""type"": """"}}","hk_equipment,status_from_date",equipment_status,{},"SELECT equipment_status.hk_equipment, equipment_status.status_from_date
  FROM {{ ref('sat_equipment_status') }} AS equipment_status",Satellite: CPE lifecycle status history (SCD2).,2026-04-21T13:55:53.638974,dbt_manifest_compile,785efdd99ed6d19189aa3ce655f9ff9eba287cf0f9c311afbe149d37283829a5
sat_gr_header,vault_satellite,incremental,stg_sap__mkpf,"fact_goods_movements,fact_purchase_orders","{""hk_material_document"": {""description"": """", ""tests"": [""not_null""], ""type"": """"}}","hk_material_document,load_date",gr_header,{},"SELECT gr_header.hk_material_document
  FROM {{ ref('sat_gr_header') }} AS gr_header","Satellite: GR posting date, user, reference document.",2026-04-21T13:55:53.638974,dbt_manifest_compile,785efdd99ed6d19189aa3ce655f9ff9eba287cf0f9c311afbe149d37283829a5
sat_gr_item,vault_satellite,incremental,stg_sap__mseg,"fact_goods_movements,fact_purchase_orders","{""hk_gr_material"": {""description"": """", ""tests"": [""not_null""], ""type"": """"}}","hk_gr_material,load_date",gr_item,{},"SELECT gr_item.hk_gr_material
  FROM {{ ref('sat_gr_item') }} AS gr_item","Satellite: movement type, quantity, amount per GR line.",2026-04-21T13:55:53.638974,dbt_manifest_compile,785efdd99ed6d19189aa3ce655f9ff9eba287cf0f9c311afbe149d37283829a5
sat_invoice_header,vault_satellite,incremental,stg_sap__rbkp,fact_invoices,"{""hk_invoice"": {""description"": """", ""tests"": [""not_null""], ""type"": """"}}","hk_invoice,load_date",invoice_header,{},"SELECT invoice_header.hk_invoice
  FROM {{ ref('sat_invoice_header') }} AS invoice_header","Satellite: invoice date, amount, vendor reference.",2026-04-21T13:55:53.638974,dbt_manifest_compile,785efdd99ed6d19189aa3ce655f9ff9eba287cf0f9c311afbe149d37283829a5
sat_material_description,vault_satellite,incremental,stg_sap__makt,dim_material,"{""hk_material"": {""description"": """", ""tests"": [""not_null""], ""type"": """"}}","hk_material,load_date",material_description,{},"SELECT material_description.hk_material
  FROM {{ ref('sat_material_description') }} AS material_description",Satellite: material description text.,2026-04-21T13:55:53.638974,dbt_manifest_compile,785efdd99ed6d19189aa3ce655f9ff9eba287cf0f9c311afbe149d37283829a5
sat_material_general,vault_satellite,incremental,stg_sap__mara,dim_material,"{""hk_material"": {""description"": """", ""tests"": [""not_null""], ""type"": """"}}","hk_material,load_date",material_general,{},"SELECT material_general.hk_material
  FROM {{ ref('sat_material_general') }} AS material_general","Satellite: material type, group, weight.",2026-04-21T13:55:53.638974,dbt_manifest_compile,785efdd99ed6d19189aa3ce655f9ff9eba287cf0f9c311afbe149d37283829a5
sat_material_plant,vault_satellite,incremental,stg_sap__marc,,"{""hk_material_plant"": {""description"": """", ""tests"": [""not_null""], ""type"": """"}}","hk_material_plant,load_date",material_plant,{},"SELECT material_plant.hk_material_plant
  FROM {{ ref('sat_material_plant') }} AS material_plant","Satellite: MRP settings, serial profile per material per plant.",2026-04-21T13:55:53.638974,dbt_manifest_compile,785efdd99ed6d19189aa3ce655f9ff9eba287cf0f9c311afbe149d37283829a5
sat_po_account,vault_satellite,incremental,stg_sap__ekkn,fact_purchase_orders,"{""hk_po_item"": {""description"": """", ""tests"": [""not_null""], ""type"": """"}}","hk_po_item,load_date",po_account,{},"SELECT po_account.hk_po_item
  FROM {{ ref('sat_po_account') }} AS po_account",Satellite: GL account and cost center assignment.,2026-04-21T13:55:53.638974,dbt_manifest_compile,785efdd99ed6d19189aa3ce655f9ff9eba287cf0f9c311afbe149d37283829a5
sat_po_header,vault_satellite,incremental,stg_sap__ekko,"fact_invoices,fact_purchase_orders","{""hk_purchase_order"": {""description"": """", ""tests"": [""not_null""], ""type"": """"}}","hk_purchase_order,load_date",po_header,{},"SELECT po_header.hk_purchase_order
  FROM {{ ref('sat_po_header') }} AS po_header","Satellite: PO date, type, status, value.",2026-04-21T13:55:53.638974,dbt_manifest_compile,785efdd99ed6d19189aa3ce655f9ff9eba287cf0f9c311afbe149d37283829a5
sat_po_item,vault_satellite,incremental,stg_sap__ekpo,fact_purchase_orders,"{""hk_po_material"": {""description"": """", ""tests"": [""not_null""], ""type"": """"}}","hk_po_material,load_date",po_item,{},"SELECT po_item.hk_po_material
  FROM {{ ref('sat_po_item') }} AS po_item","Satellite: PO line item quantity, price, value.",2026-04-21T13:55:53.638974,dbt_manifest_compile,785efdd99ed6d19189aa3ce655f9ff9eba287cf0f9c311afbe149d37283829a5
sat_po_schedule,vault_satellite,incremental,stg_sap__eket,fact_purchase_orders,"{""hk_po_item"": {""description"": """", ""tests"": [""not_null""], ""type"": """"}}","hk_po_item,load_date",po_schedule,{},"SELECT po_schedule.hk_po_item
  FROM {{ ref('sat_po_schedule') }} AS po_schedule",Satellite: delivery schedule dates and quantities.,2026-04-21T13:55:53.638974,dbt_manifest_compile,785efdd99ed6d19189aa3ce655f9ff9eba287cf0f9c311afbe149d37283829a5
sat_pr_detail,vault_satellite,incremental,stg_sap__eban,fact_purchase_orders,"{""hk_purchase_requisition"": {""description"": """", ""tests"": [""not_null""], ""type"": """"}}","hk_purchase_requisition,load_date",pr_detail,{},"SELECT pr_detail.hk_purchase_requisition
  FROM {{ ref('sat_pr_detail') }} AS pr_detail","Satellite: PR material, quantity, status, requester.",2026-04-21T13:55:53.638974,dbt_manifest_compile,785efdd99ed6d19189aa3ce655f9ff9eba287cf0f9c311afbe149d37283829a5
sat_stock_level,vault_satellite,incremental,stg_sap__mard,fact_inventory,"{""hk_stock_location"": {""description"": """", ""tests"": [""not_null""], ""type"": """"}}","hk_stock_location,load_date",stock_level,{},"SELECT stock_level.hk_stock_location
  FROM {{ ref('sat_stock_level') }} AS stock_level",Satellite: current stock quantities per location.,2026-04-21T13:55:53.638974,dbt_manifest_compile,785efdd99ed6d19189aa3ce655f9ff9eba287cf0f9c311afbe149d37283829a5
sat_vendor_commercial,vault_satellite,incremental,stg_sap__lfb1,dim_vendor,"{""hk_vendor"": {""description"": """", ""tests"": [""not_null""], ""type"": """"}}","hk_vendor,load_date",vendor_commercial,{},"SELECT vendor_commercial.hk_vendor
  FROM {{ ref('sat_vendor_commercial') }} AS vendor_commercial","Satellite: payment terms, recon account.",2026-04-21T13:55:53.638974,dbt_manifest_compile,785efdd99ed6d19189aa3ce655f9ff9eba287cf0f9c311afbe149d37283829a5
sat_vendor_general,vault_satellite,incremental,stg_sap__lfa1,dim_vendor,"{""hk_vendor"": {""description"": """", ""tests"": [""not_null""], ""type"": """"}}","hk_vendor,load_date",vendor_general,{},"SELECT vendor_general.hk_vendor
  FROM {{ ref('sat_vendor_general') }} AS vendor_general","Satellite: vendor name, address, country. Hangs off hub_vendor.",2026-04-21T13:55:53.638974,dbt_manifest_compile,785efdd99ed6d19189aa3ce655f9ff9eba287cf0f9c311afbe149d37283829a5
stg_sap__bkpf,staging,view,raw_sap.bkpf,,{},,bkpf,{},"SELECT bkpf.*
  FROM {{ ref('stg_sap__bkpf') }} AS bkpf",1:1 staging of BKPF (Accounting Document Header).,2026-04-21T13:55:53.638974,dbt_manifest_compile,785efdd99ed6d19189aa3ce655f9ff9eba287cf0f9c311afbe149d37283829a5
stg_sap__bseg,staging,view,raw_sap.bseg,,{},,bseg,{},"SELECT bseg.*
  FROM {{ ref('stg_sap__bseg') }} AS bseg",1:1 staging of BSEG (Accounting Document Line Item).,2026-04-21T13:55:53.638974,dbt_manifest_compile,785efdd99ed6d19189aa3ce655f9ff9eba287cf0f9c311afbe149d37283829a5
stg_sap__eban,staging,view,raw_sap.eban,"hub_purchase_requisition,sat_pr_detail","{""BANFN"": {""description"": ""Purchase requisition number (business key)"", ""tests"": [""not_null""], ""type"": """"}, ""hk_purchase_requisition"": {""description"": ""MD5 hash of BANFN"", ""tests"": [""not_null""], ""type"": """"}}",,eban,{},"SELECT eban.hk_purchase_requisition, eban.BANFN
  FROM {{ ref('stg_sap__eban') }} AS eban",1:1 staging of EBAN (Purchase Requisition). Date casting for BADAT/FRGDT.,2026-04-21T13:55:53.638974,dbt_manifest_compile,785efdd99ed6d19189aa3ce655f9ff9eba287cf0f9c311afbe149d37283829a5
stg_sap__ebkn,staging,view,raw_sap.ebkn,,{},,ebkn,{},"SELECT ebkn.*
  FROM {{ ref('stg_sap__ebkn') }} AS ebkn",1:1 staging of EBKN (PR Account Assignment).,2026-04-21T13:55:53.638974,dbt_manifest_compile,785efdd99ed6d19189aa3ce655f9ff9eba287cf0f9c311afbe149d37283829a5
stg_sap__ekbe,staging,view,raw_sap.ekbe,,{},,ekbe,{},"SELECT ekbe.*
  FROM {{ ref('stg_sap__ekbe') }} AS ekbe",1:1 staging of EKBE (PO History). Links POs to GR/invoice events.,2026-04-21T13:55:53.638974,dbt_manifest_compile,785efdd99ed6d19189aa3ce655f9ff9eba287cf0f9c311afbe149d37283829a5
stg_sap__eket,staging,view,raw_sap.eket,sat_po_schedule,{},,eket,{},"SELECT eket.*
  FROM {{ ref('stg_sap__eket') }} AS eket",1:1 staging of EKET (Delivery Schedule). Date casting for EINDT.,2026-04-21T13:55:53.638974,dbt_manifest_compile,785efdd99ed6d19189aa3ce655f9ff9eba287cf0f9c311afbe149d37283829a5
stg_sap__ekkn,staging,view,raw_sap.ekkn,sat_po_account,{},,ekkn,{},"SELECT ekkn.*
  FROM {{ ref('stg_sap__ekkn') }} AS ekkn",1:1 staging of EKKN (Account Assignment). GL account and cost center.,2026-04-21T13:55:53.638974,dbt_manifest_compile,785efdd99ed6d19189aa3ce655f9ff9eba287cf0f9c311afbe149d37283829a5
stg_sap__ekko,staging,view,raw_sap.ekko,"hub_purchase_order,link_po_vendor,sat_po_header","{""EBELN"": {""description"": ""Purchasing document number (business key)"", ""tests"": [""not_null"", ""unique""], ""type"": """"}, ""LIFNR"": {""description"": ""Vendor account number (FK to LFA1)"", ""tests"": [""not_null""], ""type"": """"}, ""hk_purchase_order"": {""description"": ""MD5 hash of EBELN \u2014 join key for hub_purchase_order"", ""tests"": [""not_null""], ""type"": """"}}",EBELN,ekko,{},"SELECT ekko.hk_purchase_order, ekko.EBELN, ekko.LIFNR
  FROM {{ ref('stg_sap__ekko') }} AS ekko","1:1 staging of EKKO (Purchasing Document Header). Adds hash keys, hashdiff, type casting, metadata. Original SAP column names preserved.",2026-04-21T13:55:53.638974,dbt_manifest_compile,785efdd99ed6d19189aa3ce655f9ff9eba287cf0f9c311afbe149d37283829a5
stg_sap__ekpo,staging,view,raw_sap.ekpo,"fact_goods_receipt_accuracy,link_po_item,link_po_material,link_po_plant,link_pr_po,sat_po_item","{""EBELN"": {""description"": ""Purchasing document number (FK to EKKO)"", ""tests"": [""not_null""], ""type"": """"}, ""MATNR"": {""description"": ""Material number (FK to MARA)"", ""tests"": [""not_null""], ""type"": """"}, ""hk_po_item"": {""description"": ""MD5 hash of EBELN||EBELP \u2014 composite key for PO line item"", ""tests"": [""not_null""], ""type"": """"}}",,ekpo,{},"SELECT ekpo.hk_po_item, ekpo.EBELN, ekpo.MATNR
  FROM {{ ref('stg_sap__ekpo') }} AS ekpo","1:1 staging of EKPO (Purchasing Document Item). Hash keys for PO, material, and PO-item composite.",2026-04-21T13:55:53.638974,dbt_manifest_compile,785efdd99ed6d19189aa3ce655f9ff9eba287cf0f9c311afbe149d37283829a5
stg_sap__eqbs,staging,view,raw_sap.eqbs,sat_equipment_status,{},,eqbs,{},"SELECT eqbs.*
  FROM {{ ref('stg_sap__eqbs') }} AS eqbs",1:1 staging of EQBS (Equipment Status History). One row per status change.,2026-04-21T13:55:53.638974,dbt_manifest_compile,785efdd99ed6d19189aa3ce655f9ff9eba287cf0f9c311afbe149d37283829a5
stg_sap__equi,staging,view,raw_sap.equi,"hub_equipment,link_equipment_material,sat_equipment_general","{""EQUNR"": {""description"": ""Equipment number (business key)"", ""tests"": [""not_null"", ""unique""], ""type"": """"}, ""hk_equipment"": {""description"": ""MD5 hash of EQUNR"", ""tests"": [""not_null"", ""unique""], ""type"": """"}}","EQUNR,hk_equipment",equi,{},"SELECT equi.hk_equipment, equi.EQUNR
  FROM {{ ref('stg_sap__equi') }} AS equi",1:1 staging of EQUI (Equipment Master). Individual CPE devices.,2026-04-21T13:55:53.638974,dbt_manifest_compile,785efdd99ed6d19189aa3ce655f9ff9eba287cf0f9c311afbe149d37283829a5
stg_sap__lfa1,staging,view,raw_sap.lfa1,"hub_vendor,sat_vendor_general","{""LIFNR"": {""description"": ""Vendor account number (business key)"", ""tests"": [""not_null"", ""unique""], ""type"": """"}, ""hk_vendor"": {""description"": ""MD5 hash of LIFNR"", ""tests"": [""not_null"", ""unique""], ""type"": """"}}","LIFNR,hk_vendor",lfa1,{},"SELECT lfa1.hk_vendor, lfa1.LIFNR
  FROM {{ ref('stg_sap__lfa1') }} AS lfa1",1:1 staging of LFA1 (Vendor General Data).,2026-04-21T13:55:53.638974,dbt_manifest_compile,785efdd99ed6d19189aa3ce655f9ff9eba287cf0f9c311afbe149d37283829a5
stg_sap__lfb1,staging,view,raw_sap.lfb1,sat_vendor_commercial,{},,lfb1,{},"SELECT lfb1.*
  FROM {{ ref('stg_sap__lfb1') }} AS lfb1",1:1 staging of LFB1 (Vendor Company Code Data). Payment terms and recon account.,2026-04-21T13:55:53.638974,dbt_manifest_compile,785efdd99ed6d19189aa3ce655f9ff9eba287cf0f9c311afbe149d37283829a5
stg_sap__lfm1,staging,view,raw_sap.lfm1,,{},,lfm1,{},"SELECT lfm1.*
  FROM {{ ref('stg_sap__lfm1') }} AS lfm1",1:1 staging of LFM1 (Vendor Purchasing Data).,2026-04-21T13:55:53.638974,dbt_manifest_compile,785efdd99ed6d19189aa3ce655f9ff9eba287cf0f9c311afbe149d37283829a5
stg_sap__makt,staging,view,raw_sap.makt,sat_material_description,{},,makt,{},"SELECT makt.*
  FROM {{ ref('stg_sap__makt') }} AS makt",1:1 staging of MAKT (Material Descriptions). Multiple rows per material (one per language).,2026-04-21T13:55:53.638974,dbt_manifest_compile,785efdd99ed6d19189aa3ce655f9ff9eba287cf0f9c311afbe149d37283829a5
stg_sap__mara,staging,view,raw_sap.mara,"hub_material,sat_material_general","{""MATNR"": {""description"": ""Material number (business key)"", ""tests"": [""not_null"", ""unique""], ""type"": """"}, ""hk_material"": {""description"": ""MD5 hash of MATNR"", ""tests"": [""not_null"", ""unique""], ""type"": """"}}","MATNR,hk_material",mara,{},"SELECT mara.hk_material, mara.MATNR
  FROM {{ ref('stg_sap__mara') }} AS mara",1:1 staging of MARA (Material General Data).,2026-04-21T13:55:53.638974,dbt_manifest_compile,785efdd99ed6d19189aa3ce655f9ff9eba287cf0f9c311afbe149d37283829a5
stg_sap__marc,staging,view,raw_sap.marc,sat_material_plant,{},,marc,{},"SELECT marc.*
  FROM {{ ref('stg_sap__marc') }} AS marc",1:1 staging of MARC (Material Plant Data). One row per material per plant.,2026-04-21T13:55:53.638974,dbt_manifest_compile,785efdd99ed6d19189aa3ce655f9ff9eba287cf0f9c311afbe149d37283829a5
stg_sap__mard,staging,view,raw_sap.mard,sat_stock_level,{},,mard,{},"SELECT mard.*
  FROM {{ ref('stg_sap__mard') }} AS mard",1:1 staging of MARD (Stock per Storage Location).,2026-04-21T13:55:53.638974,dbt_manifest_compile,785efdd99ed6d19189aa3ce655f9ff9eba287cf0f9c311afbe149d37283829a5
stg_sap__marm,staging,view,raw_sap.marm,,{},,marm,{},"SELECT marm.*
  FROM {{ ref('stg_sap__marm') }} AS marm",1:1 staging of MARM (Material Units of Measure).,2026-04-21T13:55:53.638974,dbt_manifest_compile,785efdd99ed6d19189aa3ce655f9ff9eba287cf0f9c311afbe149d37283829a5
stg_sap__mkpf,staging,view,raw_sap.mkpf,"fact_goods_receipt_accuracy,hub_material_document,link_equipment_gr,sat_gr_header","{""hk_material_document"": {""description"": ""MD5 hash of MBLNR||MJAHR \u2014 composite business key"", ""tests"": [""not_null""], ""type"": """"}}",,mkpf,{},"SELECT mkpf.hk_material_document
  FROM {{ ref('stg_sap__mkpf') }} AS mkpf",1:1 staging of MKPF (Material Document Header). Composite hash key MBLNR||MJAHR.,2026-04-21T13:55:53.638974,dbt_manifest_compile,785efdd99ed6d19189aa3ce655f9ff9eba287cf0f9c311afbe149d37283829a5
stg_sap__mseg,staging,view,raw_sap.mseg,"fact_goods_receipt_accuracy,link_gr_material,link_gr_po,sat_gr_item","{""BWART"": {""description"": ""Movement type: 101=GR, 102=reversal, 122=vendor return, 161=customer return, 201=deployment, 301=transfer"", ""tests"": [""not_null""], ""type"": """"}}",,mseg,{},"SELECT mseg.BWART
  FROM {{ ref('stg_sap__mseg') }} AS mseg","1:1 staging of MSEG (Material Document Item). Hash keys for material doc, material, plant, PO.",2026-04-21T13:55:53.638974,dbt_manifest_compile,785efdd99ed6d19189aa3ce655f9ff9eba287cf0f9c311afbe149d37283829a5
stg_sap__objk,staging,view,raw_sap.objk,,{},,objk,{},"SELECT objk.*
  FROM {{ ref('stg_sap__objk') }} AS objk",1:1 staging of OBJK (Object List — serial to equipment cross-reference).,2026-04-21T13:55:53.638974,dbt_manifest_compile,785efdd99ed6d19189aa3ce655f9ff9eba287cf0f9c311afbe149d37283829a5
stg_sap__rbkp,staging,view,raw_sap.rbkp,"hub_invoice,link_invoice_po,sat_invoice_header","{""hk_invoice"": {""description"": ""MD5 hash of BELNR||GJAHR"", ""tests"": [""not_null""], ""type"": """"}}",,rbkp,{},"SELECT rbkp.hk_invoice
  FROM {{ ref('stg_sap__rbkp') }} AS rbkp",1:1 staging of RBKP (Invoice Header). Composite hash key BELNR||GJAHR.,2026-04-21T13:55:53.638974,dbt_manifest_compile,785efdd99ed6d19189aa3ce655f9ff9eba287cf0f9c311afbe149d37283829a5
stg_sap__resb,staging,view,raw_sap.resb,,{},,resb,{},"SELECT resb.*
  FROM {{ ref('stg_sap__resb') }} AS resb",1:1 staging of RESB (Reservation Item).,2026-04-21T13:55:53.638974,dbt_manifest_compile,785efdd99ed6d19189aa3ce655f9ff9eba287cf0f9c311afbe149d37283829a5
stg_sap__rkpf,staging,view,raw_sap.rkpf,,{},,rkpf,{},"SELECT rkpf.*
  FROM {{ ref('stg_sap__rkpf') }} AS rkpf",1:1 staging of RKPF (Reservation Header).,2026-04-21T13:55:53.638974,dbt_manifest_compile,785efdd99ed6d19189aa3ce655f9ff9eba287cf0f9c311afbe149d37283829a5
stg_sap__rseg,staging,view,raw_sap.rseg,,{},,rseg,{},"SELECT rseg.*
  FROM {{ ref('stg_sap__rseg') }} AS rseg",1:1 staging of RSEG (Invoice Item).,2026-04-21T13:55:53.638974,dbt_manifest_compile,785efdd99ed6d19189aa3ce655f9ff9eba287cf0f9c311afbe149d37283829a5
stg_sap__ser01,staging,view,raw_sap.ser01,,{},,ser01,{},"SELECT ser01.*
  FROM {{ ref('stg_sap__ser01') }} AS ser01",1:1 staging of SER01 (Serial Number Doc Header — PO reference).,2026-04-21T13:55:53.638974,dbt_manifest_compile,785efdd99ed6d19189aa3ce655f9ff9eba287cf0f9c311afbe149d37283829a5
stg_sap__ser03,staging,view,raw_sap.ser03,,{},,ser03,{},"SELECT ser03.*
  FROM {{ ref('stg_sap__ser03') }} AS ser03",1:1 staging of SER03 (Serial Number Doc Header — Material Document reference).,2026-04-21T13:55:53.638974,dbt_manifest_compile,785efdd99ed6d19189aa3ce655f9ff9eba287cf0f9c311afbe149d37283829a5
stg_sap__seri,staging,view,raw_sap.seri,link_equipment_gr,{},,seri,{},"SELECT seri.*
  FROM {{ ref('stg_sap__seri') }} AS seri",1:1 staging of SERI (Serial Number Assignments).,2026-04-21T13:55:53.638974,dbt_manifest_compile,785efdd99ed6d19189aa3ce655f9ff9eba287cf0f9c311afbe149d37283829a5
stg_sap__t001,staging,view,raw_sap.t001,,{},,t001,{},"SELECT t001.*
  FROM {{ ref('stg_sap__t001') }} AS t001",1:1 staging of T001 (Company Codes). Reference table.,2026-04-21T13:55:53.638974,dbt_manifest_compile,785efdd99ed6d19189aa3ce655f9ff9eba287cf0f9c311afbe149d37283829a5
stg_sap__t001l,staging,view,raw_sap.t001l,,{},,t001l,{},"SELECT t001l.*
  FROM {{ ref('stg_sap__t001l') }} AS t001l",1:1 staging of T001L (Storage Locations). Reference table.,2026-04-21T13:55:53.638974,dbt_manifest_compile,785efdd99ed6d19189aa3ce655f9ff9eba287cf0f9c311afbe149d37283829a5
stg_sap__t001w,staging,view,raw_sap.t001w,hub_plant,{},,t001w,{},"SELECT t001w.*
  FROM {{ ref('stg_sap__t001w') }} AS t001w",1:1 staging of T001W (Plants). Reference table.,2026-04-21T13:55:53.638974,dbt_manifest_compile,785efdd99ed6d19189aa3ce655f9ff9eba287cf0f9c311afbe149d37283829a5
stg_sap__t023,staging,view,raw_sap.t023,,{},,t023,{},"SELECT t023.*
  FROM {{ ref('stg_sap__t023') }} AS t023",1:1 staging of T023 (Material Groups). Reference table.,2026-04-21T13:55:53.638974,dbt_manifest_compile,785efdd99ed6d19189aa3ce655f9ff9eba287cf0f9c311afbe149d37283829a5
stg_sap__t024,staging,view,raw_sap.t024,,{},,t024,{},"SELECT t024.*
  FROM {{ ref('stg_sap__t024') }} AS t024",1:1 staging of T024 (Purchasing Groups). Reference table.,2026-04-21T13:55:53.638974,dbt_manifest_compile,785efdd99ed6d19189aa3ce655f9ff9eba287cf0f9c311afbe149d37283829a5
stg_sap__t024e,staging,view,raw_sap.t024e,,{},,t024e,{},"SELECT t024e.*
  FROM {{ ref('stg_sap__t024e') }} AS t024e",1:1 staging of T024E (Purchasing Organizations). Reference table.,2026-04-21T13:55:53.638974,dbt_manifest_compile,785efdd99ed6d19189aa3ce655f9ff9eba287cf0f9c311afbe149d37283829a5
stg_sap__t156,staging,view,raw_sap.t156,,{},,t156,{},"SELECT t156.*
  FROM {{ ref('stg_sap__t156') }} AS t156",1:1 staging of T156 (Movement Types). Reference table.,2026-04-21T13:55:53.638974,dbt_manifest_compile,785efdd99ed6d19189aa3ce655f9ff9eba287cf0f9c311afbe149d37283829a5
