table_name,module,table_category,source_release_stamp,brief_description,key_fields,brief_field_descriptions,scrape_source,scrape_date
BKPF,accounting,TRANSP,2011-09-08,Accounting Document Header,"MANDT, BUKRS, BELNR, GJAHR, BLART, BLDAT, BUDAT, MONAT, CPUDT, CPUTM, AEDAT, UPDDT, WWERT, USNAM, TCODE, BVORG, XBLNR, DBBLG","{""MANDT"": ""Client"", ""BUKRS"": ""Company Code"", ""BELNR"": ""Accounting Document Number"", ""GJAHR"": ""Fiscal Year"", ""BLART"": ""Document type"", ""BLDAT"": ""Document Date in Document"", ""BUDAT"": ""Posting Date in the Document"", ""MONAT"": ""Fiscal period"", ""CPUDT"": ""Accounting document entry date"", ""CPUTM"": ""Time of data entry"", ""AEDAT"": ""Date of the Last Document Change by Transaction"", ""UPDDT"": ""Date of the Last Document Update"", ""WWERT"": ""Translation date"", ""USNAM"": ""User name"", ""TCODE"": ""Transaction Code"", ""BVORG"": ""Number of Cross-Company Code Posting Transaction"", ""XBLNR"": ""Reference Document Number"", ""DBBLG"": ""Recurring Entry Document Number""}",sapdatasheet.org,2026-04-27
BSEG,accounting,CLUSTER,2014-01-21,Accounting Document Segment,"MANDT, BUKRS, BELNR, GJAHR, BUZEI, BUZID, AUGDT, AUGCP, AUGBL, BSCHL, KOART, UMSKZ, UMSKS, ZUMSK, SHKZG, GSBER, PARGB, MWSKZ","{""MANDT"": ""Client"", ""BUKRS"": ""Company Code"", ""BELNR"": ""Accounting Document Number"", ""GJAHR"": ""Fiscal Year"", ""BUZEI"": ""Number of Line Item Within Accounting Document"", ""BUZID"": ""Identification of the Line Item"", ""AUGDT"": ""Clearing Date"", ""AUGCP"": ""Clearing Entry Date"", ""AUGBL"": ""Document Number of the Clearing Document"", ""BSCHL"": ""Posting Key"", ""KOART"": ""Account type"", ""UMSKZ"": ""Special G/L Indicator"", ""UMSKS"": ""Special G/L Transaction Type"", ""ZUMSK"": ""Target Special G/L Indicator"", ""SHKZG"": ""Debit/Credit Indicator"", ""GSBER"": ""Business Area"", ""PARGB"": ""Trading partner's business area"", ""MWSKZ"": ""Tax on sales/purchases code""}",sapdatasheet.org,2026-04-27
EBAN,procurement,TRANSP,2013-06-04,Purchase Requisition,"MANDT, BANFN, BNFPO, BSART, BSTYP, BSAKZ, LOEKZ, STATU, ESTKZ, FRGKZ, FRGZU, FRGST, EKGRP, ERNAM, ERDAT, AFNAM, TXZ01, MATNR","{""MANDT"": ""Client"", ""BANFN"": ""Purchase requisition number"", ""BNFPO"": ""Item number of purchase requisition"", ""BSART"": ""Purchase Requisition Document Type"", ""BSTYP"": ""Purchasing document category"", ""BSAKZ"": ""Control indicator for purchasing document type"", ""LOEKZ"": ""Deletion indicator in purchasing document"", ""STATU"": ""Processing status of purchase requisition"", ""ESTKZ"": ""Creation indicator (purchase requisition/schedule lines)"", ""FRGKZ"": ""Release Indicator"", ""FRGZU"": ""Release status"", ""FRGST"": ""Release strategy in the purchase requisition"", ""EKGRP"": ""Purchasing group"", ""ERNAM"": ""Name of Person who Created the Object"", ""ERDAT"": ""Last Changed On"", ""AFNAM"": ""Name of requisitioner/requester"", ""TXZ01"": ""Short Text"", ""MATNR"": ""Material Number""}",sapdatasheet.org,2026-04-27
EBKN,procurement,TRANSP,2011-09-01,Purchase Requisition Account Assignment,"MANDT, BANFN, BNFPO, ZEBKN, LOEKZ, ERDAT, ERNAM, MENGE, VPROZ, SAKTO, GSBER, KOSTL, PROJN, VBELN, VBELP, VETEN, ANLN1, ANLN2","{""MANDT"": ""Client"", ""BANFN"": ""Purchase requisition number"", ""BNFPO"": ""Item number of purchase requisition"", ""ZEBKN"": ""Serial number for PReq account assignment segment"", ""LOEKZ"": ""Deletion indicator in purchasing document"", ""ERDAT"": ""Date on which the record was created"", ""ERNAM"": ""Name of Person who Created the Object"", ""MENGE"": ""Purchase requisition quantity"", ""VPROZ"": ""Distribution percentage in the case of multiple acct assgt"", ""SAKTO"": ""G/L Account Number"", ""GSBER"": ""Business Area"", ""KOSTL"": ""Cost Center"", ""PROJN"": ""Old: Project number : No longer used --> PS_POSNR"", ""VBELN"": ""Sales and Distribution Document Number"", ""VBELP"": ""Sales Document Item"", ""VETEN"": ""Schedule line"", ""ANLN1"": ""Main Asset Number"", ""ANLN2"": ""Asset Subnumber""}",sapdatasheet.org,2026-04-27
EKBE,procurement,TRANSP,2013-05-29,History per Purchasing Document,"MANDT, EBELN, EBELP, ZEKKN, VGABE, GJAHR, BELNR, BUZEI, BEWTP, BWART, BUDAT, MENGE, BPMNG, DMBTR, WRBTR, WAERS, AREWR, WESBS","{""MANDT"": ""Client"", ""EBELN"": ""Purchasing Document Number"", ""EBELP"": ""Item Number of Purchasing Document"", ""ZEKKN"": ""Sequential Number of Account Assignment"", ""VGABE"": ""Transaction/event type, purchase order history"", ""GJAHR"": ""Year of material document"", ""BELNR"": ""Number of Material Document"", ""BUZEI"": ""Item in material document"", ""BEWTP"": ""Purchase Order History Category"", ""BWART"": ""Movement type (inventory management)"", ""BUDAT"": ""Posting Date in the Document"", ""MENGE"": ""Quantity"", ""BPMNG"": ""Quantity in purchase order price unit"", ""DMBTR"": ""Amount in local currency"", ""WRBTR"": ""Amount in document currency"", ""WAERS"": ""Currency Key"", ""AREWR"": ""GR/IR account clearing value in local currency"", ""WESBS"": ""Goods receipt blocked stock in order unit""}",sapdatasheet.org,2026-04-27
EKET,procurement,TRANSP,2013-05-29,Scheduling Agreement Schedule Lines,"MANDT, EBELN, EBELP, ETENR, EINDT, SLFDT, LPEIN, MENGE, AMENG, WEMNG, WAMNG, UZEIT, BANFN, BNFPO, ESTKZ, QUNUM, QUPOS, MAHNZ","{""MANDT"": ""Client"", ""EBELN"": ""Purchasing Document Number"", ""EBELP"": ""Item Number of Purchasing Document"", ""ETENR"": ""Delivery Schedule Line Counter"", ""EINDT"": ""Item delivery date"", ""SLFDT"": ""Statistics-Relevant Delivery Date"", ""LPEIN"": ""Category of delivery date"", ""MENGE"": ""Scheduled Quantity"", ""AMENG"": ""Previous Quantity (Delivery Schedule Lines)"", ""WEMNG"": ""Quantity of goods received"", ""WAMNG"": ""Issued quantity"", ""UZEIT"": ""Delivery Date Time-Spot"", ""BANFN"": ""Purchase requisition number"", ""BNFPO"": ""Item number of purchase requisition"", ""ESTKZ"": ""Creation indicator (purchase requisition/schedule lines)"", ""QUNUM"": ""Number of quota arrangement"", ""QUPOS"": ""Quota arrangement item"", ""MAHNZ"": ""No. of Reminders/Expediters for Schedule Line""}",sapdatasheet.org,2026-04-27
EKKN,procurement,TRANSP,2013-06-04,Account Assignment in Purchasing Document,"MANDT, EBELN, EBELP, ZEKKN, LOEKZ, AEDAT, KFLAG, MENGE, VPROZ, NETWR, SAKTO, GSBER, KOSTL, PROJN, VBELN, VBELP, VETEN, KZBRB","{""MANDT"": ""Client"", ""EBELN"": ""Purchasing Document Number"", ""EBELP"": ""Item Number of Purchasing Document"", ""ZEKKN"": ""Sequential Number of Account Assignment"", ""LOEKZ"": ""Deletion Indicator: Purchasing Document Account Assignment"", ""AEDAT"": ""Date on which the record was created"", ""KFLAG"": ""Change flag: Purchasing (currently not used)"", ""MENGE"": ""Quantity"", ""VPROZ"": ""Distribution percentage in the case of multiple acct assgt"", ""NETWR"": ""Net Order Value in PO Currency"", ""SAKTO"": ""G/L Account Number"", ""GSBER"": ""Business Area"", ""KOSTL"": ""Cost Center"", ""PROJN"": ""Old: Project number : No longer used --> PS_POSNR"", ""VBELN"": ""Sales and Distribution Document Number"", ""VBELP"": ""Sales Document Item"", ""VETEN"": ""Schedule line"", ""KZBRB"": ""Gross requirements indicator""}",sapdatasheet.org,2026-04-27
EKKO,procurement,TRANSP,2013-06-04,Purchasing Document Header,"MANDT, EBELN, BUKRS, BSTYP, BSART, BSAKZ, LOEKZ, STATU, AEDAT, ERNAM, PINCR, LPONR, LIFNR, SPRAS, ZTERM, ZBD1T, ZBD2T, ZBD3T","{""MANDT"": ""Client"", ""EBELN"": ""Purchasing Document Number"", ""BUKRS"": ""Company Code"", ""BSTYP"": ""Purchasing Document Category"", ""BSART"": ""Purchasing Document Type"", ""BSAKZ"": ""Control indicator for purchasing document type"", ""LOEKZ"": ""Deletion indicator in purchasing document"", ""STATU"": ""Status of Purchasing Document"", ""AEDAT"": ""Date on which the record was created"", ""ERNAM"": ""Name of Person who Created the Object"", ""PINCR"": ""Item Number Interval"", ""LPONR"": ""Last Item Number"", ""LIFNR"": ""Vendor's account number"", ""SPRAS"": ""Language Key"", ""ZTERM"": ""Terms of payment key"", ""ZBD1T"": ""Cash (Prompt Payment) Discount Days"", ""ZBD2T"": ""Cash (Prompt Payment) Discount Days"", ""ZBD3T"": ""Cash (Prompt Payment) Discount Days""}",sapdatasheet.org,2026-04-27
EKPO,procurement,TRANSP,2013-06-04,Purchasing Document Item,"MANDT, EBELN, EBELP, LOEKZ, STATU, AEDAT, TXZ01, MATNR, EMATN, BUKRS, WERKS, LGORT, BEDNR, MATKL, INFNR, IDNLF, KTMNG, MENGE","{""MANDT"": ""Client"", ""EBELN"": ""Purchasing Document Number"", ""EBELP"": ""Item Number of Purchasing Document"", ""LOEKZ"": ""Deletion indicator in purchasing document"", ""STATU"": ""RFQ status"", ""AEDAT"": ""Purchasing Document Item Change Date"", ""TXZ01"": ""Short Text"", ""MATNR"": ""Material Number"", ""EMATN"": ""Material number"", ""BUKRS"": ""Company Code"", ""WERKS"": ""Plant"", ""LGORT"": ""Storage location"", ""BEDNR"": ""Requirement Tracking Number"", ""MATKL"": ""Material Group"", ""INFNR"": ""Number of purchasing info record"", ""IDNLF"": ""Material Number Used by Vendor"", ""KTMNG"": ""Target Quantity"", ""MENGE"": ""Purchase Order Quantity""}",sapdatasheet.org,2026-04-27
EQBS,equipment_serial,TRANSP,2004-12-09,Serial Number Stock Segment,"MANDT, EQUNR, LBBSA, B_WERK, B_LAGER, B_CHARGE, SOBKZ, KUNNR, LIFNR, KDAUF, KDPOS, PS_PSP_PNR","{""MANDT"": ""Client"", ""EQUNR"": ""Equipment Number"", ""LBBSA"": ""Stock Type of Goods Movement (Primary Posting)"", ""B_WERK"": ""Plant"", ""B_LAGER"": ""Storage location"", ""B_CHARGE"": ""Batch Number"", ""SOBKZ"": ""Special Stock Indicator"", ""KUNNR"": ""Customer account number"", ""LIFNR"": ""Account number of the vendor"", ""KDAUF"": ""Sales Order Number"", ""KDPOS"": ""Item number in Sales Order"", ""PS_PSP_PNR"": ""Work Breakdown Structure Element (WBS Element)""}",sapdatasheet.org,2026-04-27
EQUI,equipment_serial,TRANSP,2011-09-01,Equipment master data,"MANDT, EQUNR, ERDAT, ERNAM, EQASP, AEDAT, AENAM, BEGRU, EQTYP, EQART, LVORM, INVNR, GROES, BRGEW, GEWEI, ANSDT, ANSWT, WAERS","{""MANDT"": ""Client"", ""EQUNR"": ""Equipment Number"", ""ERDAT"": ""Date on which the record was created"", ""ERNAM"": ""Name of Person who Created the Object"", ""EQASP"": ""Language in which the piece of equipment was entered"", ""AEDAT"": ""Last Changed On"", ""AENAM"": ""Name of Person Who Changed Object"", ""BEGRU"": ""Authorization Group for Technical Object"", ""EQTYP"": ""Equipment Category"", ""EQART"": ""Type of Technical Object"", ""LVORM"": ""SAP Development Reserve: Format CHAR, Length 1"", ""INVNR"": ""Inventory number"", ""GROES"": ""Size/dimension"", ""BRGEW"": ""Weight of object"", ""GEWEI"": ""Unit of weight"", ""ANSDT"": ""Acquisition date"", ""ANSWT"": ""Acquisition Value"", ""WAERS"": ""Currency Key""}",sapdatasheet.org,2026-04-27
EQUZ,equipment_serial,TRANSP,2011-09-01,Equipment time segment,"MANDT, EQUNR, DATBI, EQLFN, EQUZN, ERDAT, ERNAM, AEDAT, AENAM, TIMBI, ESTAI, ESTAE, STNAM, LVORM, DATAB, IWERK, IWERKI, SUBMT","{""MANDT"": ""Client"", ""EQUNR"": ""Equipment Number"", ""DATBI"": ""Valid To Date"", ""EQLFN"": ""Consecutive numbering of EquipUsagePeriods on same day"", ""EQUZN"": ""Number of next EquipUsagePeriod on same day"", ""ERDAT"": ""Date on which the record was created"", ""ERNAM"": ""Name of Person who Created the Object"", ""AEDAT"": ""Last Changed On"", ""AENAM"": ""Name of Person Who Changed Object"", ""TIMBI"": ""Equipment usage period time stamp"", ""ESTAI"": ""SAP Development Reserve: Format CHAR, Length 1"", ""ESTAE"": ""SAP Development reserve: Format CHAR, length 4"", ""STNAM"": ""SAP Development Reserve: Format CHAR, Length 12"", ""LVORM"": ""SAP Development Reserve: Format CHAR, Length 1"", ""DATAB"": ""Valid-From Date"", ""IWERK"": ""Maintenance Planning Plant"", ""IWERKI"": ""Data origin indicator"", ""SUBMT"": ""Construction Type Material of the Object""}",sapdatasheet.org,2026-04-27
IFLOT,equipment_serial,TRANSP,2011-09-01,Functional Location (Table),"MANDT, TPLNR, MLANG, TPLKZ, FLTYP, TPLMA, ERDAT, ERNAM, AEDAT, AENAM, DATAB, BEGRU, TRPNR, PSTAE, STNAM, LVORM, SUBMT, SUBMTI","{""MANDT"": ""Client"", ""TPLNR"": ""Functional Location"", ""MLANG"": ""Primary language for object texts"", ""TPLKZ"": ""Functional location structure indicators"", ""FLTYP"": ""Functional Location Category"", ""TPLMA"": ""Superior functional location"", ""ERDAT"": ""Date on Which Object Was Created"", ""ERNAM"": ""Name of User Who Created the Object"", ""AEDAT"": ""Date on which the object was last changed"", ""AENAM"": ""Name of the User Who Last Changed the Object"", ""DATAB"": ""Start-up Date of the Technical Object"", ""BEGRU"": ""Authorization Group for Technical Object"", ""TRPNR"": ""Reference functional location"", ""PSTAE"": ""SAP Development reserve: Format CHAR, length 4"", ""STNAM"": ""SAP Development Reserve: Format CHAR, Length 12"", ""LVORM"": ""SAP Development Reserve: Format CHAR, Length 1"", ""SUBMT"": ""Construction Type Material of the Object"", ""SUBMTI"": ""Data origin for construction type field""}",sapdatasheet.org,2026-04-27
ILOA,equipment_serial,TRANSP,2013-05-29,PM Object Location and Account Assignment,"MANDT, ILOAN, TPLNR, ABCKZ, ABCKZI, EQFNR, EQFNRI, SWERK, SWERKI, STORT, STORTI, MSGRP, MSGRPI, BEBER, BEBERI, CR_OBJTY, PPSID, PPSIDI","{""MANDT"": ""Client"", ""ILOAN"": ""Location and account assignment for technical object"", ""TPLNR"": ""Functional Location"", ""ABCKZ"": ""ABC Indicator for Technical Object"", ""ABCKZI"": ""Data origin for ABC indicator field"", ""EQFNR"": ""Sort Field"", ""EQFNRI"": ""Data origin for sort field"", ""SWERK"": ""Maintenance Plant"", ""SWERKI"": ""Data origin for maintenance plant field"", ""STORT"": ""Location of maintenance object"", ""STORTI"": ""Data origin for location field"", ""MSGRP"": ""Room"", ""MSGRPI"": ""Data origin for room number field"", ""BEBER"": ""Organizational Area"", ""BEBERI"": ""Data origin for company area field"", ""CR_OBJTY"": ""Object types of the CIM resource"", ""PPSID"": ""Object ID of PP work center"", ""PPSIDI"": ""Data origin for PP work center field""}",sapdatasheet.org,2026-04-27
LFA1,vendor,TRANSP,2013-06-04,Vendor Master (General Section),"MANDT, LIFNR, ANRED, BAHNS, BBBNR, BBSNR, BEGRU, BRSCH, BUBKZ, DATLT, DTAMS, DTAWS, ERDAT, ERNAM, ESRNR, KONZS, KTOKK, KUNNR","{""MANDT"": ""Client"", ""LIFNR"": ""Account Number of Vendor or Creditor"", ""ANRED"": ""Title"", ""BAHNS"": ""Train station"", ""BBBNR"": ""International location number  (part 1)"", ""BBSNR"": ""International location number (Part 2)"", ""BEGRU"": ""Authorization Group"", ""BRSCH"": ""Industry key"", ""BUBKZ"": ""Check digit for the international location number"", ""DATLT"": ""Data communication line no."", ""DTAMS"": ""Report key for data medium exchange"", ""DTAWS"": ""Instruction key for data medium exchange"", ""ERDAT"": ""Date on which the Record Was Created"", ""ERNAM"": ""Name of Person who Created the Object"", ""ESRNR"": ""POR subscriber number"", ""KONZS"": ""Group key"", ""KTOKK"": ""Vendor account group"", ""KUNNR"": ""Customer Number""}",sapdatasheet.org,2026-04-27
LFB1,vendor,TRANSP,2013-11-27,Vendor Master (Company Code),"MANDT, LIFNR, BUKRS, PERNR, ERDAT, ERNAM, SPERR, LOEVM, ZUAWA, AKONT, BEGRU, VZSKZ, ZWELS, XVERR, ZAHLS, ZTERM, EIKTO, ZSABE","{""MANDT"": ""Client"", ""LIFNR"": ""Account Number of Vendor or Creditor"", ""BUKRS"": ""Company Code"", ""PERNR"": ""Personnel Number"", ""ERDAT"": ""Date on which the Record Was Created"", ""ERNAM"": ""Name of Person who Created the Object"", ""SPERR"": ""Posting block for company code"", ""LOEVM"": ""Deletion Flag for Master Record (Company Code Level)"", ""ZUAWA"": ""Key for sorting according to assignment numbers"", ""AKONT"": ""Reconciliation Account in General Ledger"", ""BEGRU"": ""Authorization Group"", ""VZSKZ"": ""Interest calculation indicator"", ""ZWELS"": ""List of the Payment Methods to be Considered"", ""XVERR"": ""Indicator: Clearing between customer and vendor?"", ""ZAHLS"": ""Block Key for Payment"", ""ZTERM"": ""Terms of payment key"", ""EIKTO"": ""Our account number with the vendor"", ""ZSABE"": ""Clerk at vendor""}",sapdatasheet.org,2026-04-27
LFM1,vendor,TRANSP,2011-09-01,Vendor master record purchasing organization data,"MANDT, LIFNR, EKORG, ERDAT, ERNAM, SPERM, LOEVM, LFABC, WAERS, VERKF, TELF1, MINBW, ZTERM, INCO1, INCO2, WEBRE, KZABS, KALSK","{""MANDT"": ""Client"", ""LIFNR"": ""Vendor's account number"", ""EKORG"": ""Purchasing organization"", ""ERDAT"": ""Date on which the record was created"", ""ERNAM"": ""Name of Person who Created the Object"", ""SPERM"": ""Purchasing block at purchasing organization level"", ""LOEVM"": ""Delete flag for vendor at purchasing level"", ""LFABC"": ""ABC indicator"", ""WAERS"": ""Purchase order currency"", ""VERKF"": ""Responsible Salesperson at Vendor's Office"", ""TELF1"": ""Vendor's telephone number"", ""MINBW"": ""Minimum order value"", ""ZTERM"": ""Terms of payment key"", ""INCO1"": ""Incoterms (part 1)"", ""INCO2"": ""Incoterms (part 2)"", ""WEBRE"": ""Indicator: GR-Based Invoice Verification"", ""KZABS"": ""Order Acknowledgment Requirement"", ""KALSK"": ""Group for Calculation Schema (Vendor)""}",sapdatasheet.org,2026-04-27
LQUA,inventory_warehouse,TRANSP,2011-09-01,Quants,"MANDT, LGNUM, LQNUM, MATNR, WERKS, CHARG, BESTQ, SOBKZ, SONUM, LGTYP, LGPLA, PLPOS, SKZUE, SKZUA, SKZSE, SKZSA, SKZSI, SPGRU","{""MANDT"": ""Client"", ""LGNUM"": ""Warehouse Number / Warehouse Complex"", ""LQNUM"": ""Quant"", ""MATNR"": ""Material Number"", ""WERKS"": ""Plant"", ""CHARG"": ""Batch Number"", ""BESTQ"": ""Stock Category in the Warehouse Management System"", ""SOBKZ"": ""Special Stock Indicator"", ""SONUM"": ""Special Stock Number"", ""LGTYP"": ""Storage Type"", ""LGPLA"": ""Storage Bin"", ""PLPOS"": ""Position in storage bin"", ""SKZUE"": ""Blocking indicator: for putaways (user)"", ""SKZUA"": ""Blocking Indicator: For Stock Removals (User)"", ""SKZSE"": ""Blocking indicator: current placement into stock (system)"", ""SKZSA"": ""Blocking Indicator: Current Stock Removal (System)"", ""SKZSI"": ""Blocking Indicator: Current Inventory (System)"", ""SPGRU"": ""Blocking reason""}",sapdatasheet.org,2026-04-27
LTAP,inventory_warehouse,TRANSP,2013-05-29,Transfer order item,"MANDT, LGNUM, TANUM, TAPOS, TBPOS, POSNR, MATNR, WERKS, CHARG, BESTQ, SOBKZ, SONUM, STOFF, MEINS, ALTME, UMREZ, UMREN, LETYP","{""MANDT"": ""Client"", ""LGNUM"": ""Warehouse Number / Warehouse Complex"", ""TANUM"": ""Transfer Order Number"", ""TAPOS"": ""Transfer order item"", ""TBPOS"": ""Transfer Requirement Item"", ""POSNR"": ""Item number of the SD document"", ""MATNR"": ""Material Number"", ""WERKS"": ""Plant"", ""CHARG"": ""Batch Number"", ""BESTQ"": ""Stock Category in the Warehouse Management System"", ""SOBKZ"": ""Special Stock Indicator"", ""SONUM"": ""Special Stock Number"", ""STOFF"": ""Hazardous material number"", ""MEINS"": ""Base Unit of Measure"", ""ALTME"": ""Alternative Unit of Measure for Stockkeeping Unit"", ""UMREZ"": ""Numerator for Conversion to Base Units of Measure"", ""UMREN"": ""Denominator for conversion to base units of measure"", ""LETYP"": ""Storage Unit Type""}",sapdatasheet.org,2026-04-27
MAKT,materials,TRANSP,2013-05-29,Material Descriptions,"MANDT, MATNR, SPRAS, MAKTX, MAKTG","{""MANDT"": ""Client"", ""MATNR"": ""Material Number"", ""SPRAS"": ""Language Key"", ""MAKTX"": ""Material description"", ""MAKTG"": ""Material description in upper case for matchcodes""}",sapdatasheet.org,2026-04-27
MARA,materials,TRANSP,2014-01-21,General Material Data,"MANDT, MATNR, ERSDA, ERNAM, LAEDA, AENAM, VPSTA, PSTAT, LVORM, MTART, MBRSH, MATKL, BISMT, MEINS, BSTME, ZEINR, ZEIAR, ZEIVR","{""MANDT"": ""Client"", ""MATNR"": ""Material Number"", ""ERSDA"": ""Created On"", ""ERNAM"": ""Name of Person who Created the Object"", ""LAEDA"": ""Date of Last Change"", ""AENAM"": ""Name of Person Who Changed Object"", ""VPSTA"": ""Maintenance status of complete material"", ""PSTAT"": ""Maintenance status"", ""LVORM"": ""Flag Material for Deletion at Client Level"", ""MTART"": ""Material type"", ""MBRSH"": ""Industry sector"", ""MATKL"": ""Material Group"", ""BISMT"": ""Old material number"", ""MEINS"": ""Base Unit of Measure"", ""BSTME"": ""Order unit"", ""ZEINR"": ""Document number (without document management system)"", ""ZEIAR"": ""Document type (without Document Management system)"", ""ZEIVR"": ""Document version (without Document Management system)""}",sapdatasheet.org,2026-04-27
MARC,materials,TRANSP,2013-05-29,Plant Data for Material,"MANDT, MATNR, WERKS, PSTAT, LVORM, BWTTY, XCHAR, MMSTA, MMSTD, MAABC, KZKRI, EKGRP, AUSME, DISPR, DISMM, DISPO, KZDIE, PLIFZ","{""MANDT"": ""Client"", ""MATNR"": ""Material Number"", ""WERKS"": ""Plant"", ""PSTAT"": ""Maintenance status"", ""LVORM"": ""Flag Material for Deletion at Plant Level"", ""BWTTY"": ""Valuation Category"", ""XCHAR"": ""Batch management indicator (internal)"", ""MMSTA"": ""Plant-Specific Material Status"", ""MMSTD"": ""Date from which the plant-specific material status is valid"", ""MAABC"": ""ABC indicator"", ""KZKRI"": ""Indicator: Critical part"", ""EKGRP"": ""Purchasing group"", ""AUSME"": ""Unit of issue"", ""DISPR"": ""Material: MRP profile"", ""DISMM"": ""MRP Type"", ""DISPO"": ""MRP controller"", ""KZDIE"": ""Indicator: MRP controller is buyer (deactivated)"", ""PLIFZ"": ""Planned delivery time in days""}",sapdatasheet.org,2026-04-27
MARD,materials,TRANSP,2011-09-01,Storage Location Data for Material,"MANDT, MATNR, WERKS, LGORT, PSTAT, LVORM, LFGJA, LFMON, SPERR, LABST, UMLME, INSME, EINME, SPEME, RETME, VMLAB, VMUML, VMINS","{""MANDT"": ""Client"", ""MATNR"": ""Material Number"", ""WERKS"": ""Plant"", ""LGORT"": ""Storage location"", ""PSTAT"": ""Maintenance status"", ""LVORM"": ""Flag Material for Deletion at Storage Location Level"", ""LFGJA"": ""Fiscal Year of Current Period"", ""LFMON"": ""Current period (posting period)"", ""SPERR"": ""Physical inventory blocking indicator"", ""LABST"": ""Valuated Unrestricted-Use Stock"", ""UMLME"": ""Stock in transfer (from one storage location to another)"", ""INSME"": ""Stock in Quality Inspection"", ""EINME"": ""Total Stock of All Restricted Batches"", ""SPEME"": ""Blocked stock"", ""RETME"": ""Blocked Stock Returns"", ""VMLAB"": ""Valuated unrestricted-use stock in previous period"", ""VMUML"": ""Stock in transfer, previous period"", ""VMINS"": ""Stock in quality inspection from previous period""}",sapdatasheet.org,2026-04-27
MARM,materials,TRANSP,2013-05-29,Units of Measure for Material,"MANDT, MATNR, MEINH, UMREZ, UMREN, EANNR, EAN11, NUMTP, LAENG, BREIT, HOEHE, MEABM, VOLUM, VOLEH, BRGEW, GEWEI, MESUB, ATINN","{""MANDT"": ""Client"", ""MATNR"": ""Material Number"", ""MEINH"": ""Alternative Unit of Measure for Stockkeeping Unit"", ""UMREZ"": ""Numerator for Conversion to Base Units of Measure"", ""UMREN"": ""Denominator for conversion to base units of measure"", ""EANNR"": ""European Article Number (EAN) - obsolete!!!!!"", ""EAN11"": ""International Article Number (EAN/UPC)"", ""NUMTP"": ""Category of International Article Number (EAN)"", ""LAENG"": ""Length"", ""BREIT"": ""Width"", ""HOEHE"": ""Height"", ""MEABM"": ""Unit of Dimension for Length/Width/Height"", ""VOLUM"": ""Volume"", ""VOLEH"": ""Volume unit"", ""BRGEW"": ""Gross weight"", ""GEWEI"": ""Weight Unit"", ""MESUB"": ""Lower-Level Unit of Measure in a Packing Hierarchy"", ""ATINN"": ""Internal characteristic""}",sapdatasheet.org,2026-04-27
MCHB,materials,TRANSP,2011-09-01,Batch Stocks,"MANDT, MATNR, WERKS, LGORT, CHARG, LVORM, ERSDA, ERNAM, LAEDA, AENAM, LFGJA, LFMON, SPERC, CLABS, CUMLM, CINSM, CEINM, CSPEM","{""MANDT"": ""Client"", ""MATNR"": ""Material Number"", ""WERKS"": ""Plant"", ""LGORT"": ""Storage location"", ""CHARG"": ""Batch Number"", ""LVORM"": ""Deletion Flag for All Data on a Batch Stock"", ""ERSDA"": ""Created On"", ""ERNAM"": ""Name of Person who Created the Object"", ""LAEDA"": ""Date of Last Change"", ""AENAM"": ""Name of Person Who Changed Object"", ""LFGJA"": ""Fiscal Year of Current Period"", ""LFMON"": ""Current period (posting period)"", ""SPERC"": ""Physical inventory blocking indicator"", ""CLABS"": ""Valuated Unrestricted-Use Stock"", ""CUMLM"": ""Stock in transfer (from one storage location to another)"", ""CINSM"": ""Stock in Quality Inspection"", ""CEINM"": ""Total Stock of All Restricted Batches"", ""CSPEM"": ""Blocked stock""}",sapdatasheet.org,2026-04-27
MKPF,materials,TRANSP,2011-09-01,Header: Material Document,"MANDT, MBLNR, MJAHR, VGART, BLART, BLAUM, BLDAT, BUDAT, CPUDT, CPUTM, AEDAT, USNAM, TCODE, XBLNR, BKTXT, FRATH, FRBNR, WEVER","{""MANDT"": ""Client"", ""MBLNR"": ""Number of Material Document"", ""MJAHR"": ""Year of material document"", ""VGART"": ""Transaction/Event Type"", ""BLART"": ""Document type"", ""BLAUM"": ""Document type of revaluation document"", ""BLDAT"": ""Document Date in Document"", ""BUDAT"": ""Posting Date in the Document"", ""CPUDT"": ""Accounting document entry date"", ""CPUTM"": ""Time of data entry"", ""AEDAT"": ""Last Changed On"", ""USNAM"": ""User name"", ""TCODE"": ""Not More Closely Defined Area, Possibly Used for Patchlevels"", ""XBLNR"": ""Reference Document Number"", ""BKTXT"": ""Document Header Text"", ""FRATH"": ""Unplanned Delivery Costs"", ""FRBNR"": ""Number of Bill of Lading at Time of Goods Receipt"", ""WEVER"": ""Version for Printing GR/GI Slip""}",sapdatasheet.org,2026-04-27
MSEG,materials,TRANSP,2013-05-29,Document Segment: Material,"MANDT, MBLNR, MJAHR, ZEILE, LINE_ID, PARENT_ID, LINE_DEPTH, MAA_URZEI, BWART, XAUTO, MATNR, WERKS, LGORT, CHARG, INSMK, ZUSCH, ZUSTD, SOBKZ","{""MANDT"": ""Client"", ""MBLNR"": ""Number of Material Document"", ""MJAHR"": ""Year of material document"", ""ZEILE"": ""Item in material document"", ""LINE_ID"": ""Unique identification of document line"", ""PARENT_ID"": ""Identifier of immediately superior line"", ""LINE_DEPTH"": ""Hierarchy level of line in document"", ""MAA_URZEI"": ""Original Line for Account Assignment Item in Material Doc."", ""BWART"": ""Movement type (inventory management)"", ""XAUTO"": ""Item automatically created"", ""MATNR"": ""Material Number"", ""WERKS"": ""Plant"", ""LGORT"": ""Storage location"", ""CHARG"": ""Batch Number"", ""INSMK"": ""Stock Type"", ""ZUSCH"": ""Batch status key"", ""ZUSTD"": ""Batch in Restricted-Use Stock"", ""SOBKZ"": ""Special Stock Indicator""}",sapdatasheet.org,2026-04-27
MSKA,materials,TRANSP,2011-09-01,Sales Order Stock,"MANDT, MATNR, WERKS, LGORT, CHARG, SOBKZ, VBELN, POSNR, LFGJA, LFMON, KASPR, KALAB, KAINS, KASPE, KAVLA, KAVIN, KAVSP, KAILL","{""MANDT"": ""Client"", ""MATNR"": ""Material Number"", ""WERKS"": ""Plant"", ""LGORT"": ""Storage location"", ""CHARG"": ""Batch Number"", ""SOBKZ"": ""Special Stock Indicator"", ""VBELN"": ""Sales and Distribution Document Number"", ""POSNR"": ""Item number of the SD document"", ""LFGJA"": ""Fiscal Year of Current Period"", ""LFMON"": ""Current period (posting period)"", ""KASPR"": ""Physical inventory blocking indicator"", ""KALAB"": ""Valuated Unrestricted-Use Stock"", ""KAINS"": ""Stock in Quality Inspection"", ""KASPE"": ""Blocked stock"", ""KAVLA"": ""Valuated unrestricted-use stock in previous period"", ""KAVIN"": ""Stock in quality inspection from previous period"", ""KAVSP"": ""Blocked stock of previous period"", ""KAILL"": ""Physical inventory indicator for whse stock in current year""}",sapdatasheet.org,2026-04-27
MVKE,materials,TRANSP,2011-09-01,Sales Data for Material,"MANDT, MATNR, VKORG, VTWEG, LVORM, VERSG, BONUS, PROVG, SKTOF, VMSTA, VMSTD, AUMNG, LFMNG, EFMNG, SCMNG, SCHME, VRKME, MTPOS","{""MANDT"": ""Client"", ""MATNR"": ""Material Number"", ""VKORG"": ""Sales Organization"", ""VTWEG"": ""Distribution Channel"", ""LVORM"": ""Ind.: Flag material for deletion at distribution chain level"", ""VERSG"": ""Material statistics group"", ""BONUS"": ""Volume rebate group"", ""PROVG"": ""Commission group"", ""SKTOF"": ""Cash discount indicator"", ""VMSTA"": ""Distribution-chain-specific material status"", ""VMSTD"": ""Date from which distr.-chain-spec. material status is valid"", ""AUMNG"": ""Minimum order quantity in base unit of measure"", ""LFMNG"": ""Minimum delivery quantity in delivery note processing"", ""EFMNG"": ""Minimum make-to-order quantity"", ""SCMNG"": ""Delivery unit"", ""SCHME"": ""Unit of measure of delivery unit"", ""VRKME"": ""Sales unit"", ""MTPOS"": ""Item category group from material master""}",sapdatasheet.org,2026-04-27
OBJK,equipment_serial,TRANSP,2010-03-10,Plant Maintenance Object List,"MANDT, OBKNR, OBZAE, EQUNR, IHNUM, BAUTL, ILOAN, SORTF, BEARB, OBJVW, SERNR, MATNR, DATUM, EQSNR, TASER, UII","{""MANDT"": ""Client"", ""OBKNR"": ""Object list number"", ""OBZAE"": ""Object list counters"", ""EQUNR"": ""Equipment Number"", ""IHNUM"": ""Message Number"", ""BAUTL"": ""Assembly"", ""ILOAN"": ""Location and account assignment for technical object"", ""SORTF"": ""Object list sort field"", ""BEARB"": ""Processing indicator"", ""OBJVW"": ""Object list usage"", ""SERNR"": ""Serial Number"", ""MATNR"": ""Material Number"", ""DATUM"": ""Date"", ""EQSNR"": ""EQSE Number"", ""TASER"": ""Table for Serial Numbers"", ""UII"": ""Unique Item Identifier""}",sapdatasheet.org,2026-04-27
RBKP,accounting,TRANSP,2011-09-08,Document Header: Invoice Receipt,"MANDT, BELNR, GJAHR, BLART, BLDAT, BUDAT, USNAM, TCODE, CPUDT, CPUTM, VGART, XBLNR, BUKRS, LIFNR, WAERS, KURSF, RMWWR, BEZNK","{""MANDT"": ""Client"", ""BELNR"": ""Document Number of an Invoice Document"", ""GJAHR"": ""Fiscal Year"", ""BLART"": ""Document type"", ""BLDAT"": ""Document Date in Document"", ""BUDAT"": ""Posting Date in the Document"", ""USNAM"": ""User name"", ""TCODE"": ""Transaction Code"", ""CPUDT"": ""Accounting document entry date"", ""CPUTM"": ""Time of data entry"", ""VGART"": ""Transaction Type in AG08 (Internal Document Type)"", ""XBLNR"": ""Reference Document Number"", ""BUKRS"": ""Company Code"", ""LIFNR"": ""Different Invoicing Party"", ""WAERS"": ""Currency Key"", ""KURSF"": ""Exchange rate"", ""RMWWR"": ""Gross invoice amount in document currency"", ""BEZNK"": ""Unplanned delivery costs""}",sapdatasheet.org,2026-04-27
RESB,inventory_warehouse,TRANSP,2013-05-29,Reservation/dependent requirements,"MANDT, RSNUM, RSPOS, RSART, BDART, RSSTA, XLOEK, XWAOK, KZEAR, XFEHL, MATNR, WERKS, LGORT, PRVBE, CHARG, PLPLA, SOBKZ, BDTER","{""MANDT"": ""Client"", ""RSNUM"": ""Number of reservation/dependent requirements"", ""RSPOS"": ""Item Number of Reservation / Dependent Requirements"", ""RSART"": ""Record type"", ""BDART"": ""Requirement type"", ""RSSTA"": ""Status of reservation"", ""XLOEK"": ""Item is deleted"", ""XWAOK"": ""Goods movement for reservation allowed"", ""KZEAR"": ""Final issue for this reservation"", ""XFEHL"": ""Pre-allocated stock"", ""MATNR"": ""Material Number"", ""WERKS"": ""Plant"", ""LGORT"": ""Storage location"", ""PRVBE"": ""Production Supply Area"", ""CHARG"": ""Batch Number"", ""PLPLA"": ""Distribution of Differences"", ""SOBKZ"": ""Special Stock Indicator"", ""BDTER"": ""Requirements date for the component""}",sapdatasheet.org,2026-04-27
RKPF,inventory_warehouse,TRANSP,2011-09-01,Document Header: Reservation,"MANDT, RSNUM, KZVER, XCALE, RSDAT, USNAM, BWART, WEMPF, KOSTL, PROJN, ANLN1, ANLN2, KUNNR, EBELN, EBELP, AUFNR, KDAUF, KDPOS","{""MANDT"": ""Client"", ""RSNUM"": ""Number of reservation/dependent requirements"", ""KZVER"": ""Origin"", ""XCALE"": ""Check date against factory calendar"", ""RSDAT"": ""Base date for reservation"", ""USNAM"": ""User name"", ""BWART"": ""Movement type (inventory management)"", ""WEMPF"": ""Goods recipient"", ""KOSTL"": ""Cost Center"", ""PROJN"": ""Old: Project number : No longer used --> PS_POSNR"", ""ANLN1"": ""Main Asset Number"", ""ANLN2"": ""Asset Subnumber"", ""KUNNR"": ""Account number of customer"", ""EBELN"": ""Purchase order number"", ""EBELP"": ""Item Number of Purchasing Document"", ""AUFNR"": ""Order Number"", ""KDAUF"": ""Sales Order Number"", ""KDPOS"": ""Item number in Sales Order""}",sapdatasheet.org,2026-04-27
RSEG,accounting,TRANSP,2013-05-29,Document Item: Incoming Invoice,"MANDT, BELNR, GJAHR, BUZEI, EBELN, EBELP, ZEKKN, MATNR, BWKEY, BWTAR, BUKRS, WERKS, WRBTR, SHKZG, MWSKZ, TXJCD, MENGE, BSTME","{""MANDT"": ""Client"", ""BELNR"": ""Accounting Document Number"", ""GJAHR"": ""Fiscal Year"", ""BUZEI"": ""Document Item in Invoice Document"", ""EBELN"": ""Purchasing Document Number"", ""EBELP"": ""Item Number of Purchasing Document"", ""ZEKKN"": ""Sequential Number of Account Assignment"", ""MATNR"": ""Material Number"", ""BWKEY"": ""Valuation area"", ""BWTAR"": ""Valuation type"", ""BUKRS"": ""Company Code"", ""WERKS"": ""Plant"", ""WRBTR"": ""Amount in document currency"", ""SHKZG"": ""Debit/Credit Indicator"", ""MWSKZ"": ""Tax on sales/purchases code"", ""TXJCD"": ""Tax Jurisdiction"", ""MENGE"": ""Quantity"", ""BSTME"": ""Order unit""}",sapdatasheet.org,2026-04-27
SER01,equipment_serial,TRANSP,2013-05-29,Document Header for Serial Numbers for Delivery,"MANDT, OBKNR, LIEF_NR, POSNR, DATUM, LETZNR, KUNDE, ANZSN, VORGANG, UZEIT, VBTYP, BWART, VKORG, VTWEG, SPART, LTSPS","{""MANDT"": ""Client"", ""OBKNR"": ""Object list number"", ""LIEF_NR"": ""Delivery"", ""POSNR"": ""Delivery Item"", ""DATUM"": ""Date"", ""LETZNR"": ""Counter key"", ""KUNDE"": ""Customer Number"", ""ANZSN"": ""Number of serial numbers"", ""VORGANG"": ""Serialization Procedure for Serial Number Management"", ""UZEIT"": ""Time"", ""VBTYP"": ""SD document category"", ""BWART"": ""Movement type (inventory management)"", ""VKORG"": ""Sales Organization"", ""VTWEG"": ""Distribution Channel"", ""SPART"": ""Division"", ""LTSPS"": ""Indicator : stockable type switched into standard product""}",sapdatasheet.org,2026-04-27
SER02,equipment_serial,TRANSP,2013-05-29,Document Header for Serial Nos for Maint.Contract (SD Order),"MANDT, OBKNR, SDAUFNR, POSNR, DATUM, LETZNR, KUNDE, ANZSN, VORGANG, VBTYP, SD_AUART, SD_POSTYP, VKORG, VTWEG, SPART, LTSPS","{""MANDT"": ""Client"", ""OBKNR"": ""Object list number"", ""SDAUFNR"": ""Sales Document"", ""POSNR"": ""Sales Document Item"", ""DATUM"": ""Date"", ""LETZNR"": ""Counter key"", ""KUNDE"": ""Partner number (KUNNR, LIFNR, or PERNR)"", ""ANZSN"": ""Number of serial numbers"", ""VORGANG"": ""Serialization Procedure for Serial Number Management"", ""VBTYP"": ""SD document category"", ""SD_AUART"": ""Sales Document Type"", ""SD_POSTYP"": ""Sales document item category"", ""VKORG"": ""Sales Organization"", ""VTWEG"": ""Distribution Channel"", ""SPART"": ""Division"", ""LTSPS"": ""Indicator : stockable type switched into standard product""}",sapdatasheet.org,2026-04-27
SER03,equipment_serial,TRANSP,2011-09-01,Document Header for Serial Numbers for Goods Movements,"MANDT, OBKNR, MBLNR, MJAHR, ZEILE, BLART, BWART, SHKZG, DATUM, UZEIT, LETZNR, ANZSN, VORGANG, LIEFERANT, KUNDE, WERK, LAGERORT, CHARGE","{""MANDT"": ""Client"", ""OBKNR"": ""Object list number"", ""MBLNR"": ""Number of Material Document"", ""MJAHR"": ""Year of material document"", ""ZEILE"": ""Item in material document"", ""BLART"": ""Document type"", ""BWART"": ""Movement type (inventory management)"", ""SHKZG"": ""Debit/Credit Indicator"", ""DATUM"": ""Date"", ""UZEIT"": ""Time"", ""LETZNR"": ""Counter key"", ""ANZSN"": ""Number of serial numbers"", ""VORGANG"": ""Serialization Procedure for Serial Number Management"", ""LIEFERANT"": ""Vendor number"", ""KUNDE"": ""Customer Number"", ""WERK"": ""Plant"", ""LAGERORT"": ""Storage location"", ""CHARGE"": ""Batch Number""}",sapdatasheet.org,2026-04-27
SERI,equipment_serial,TRANSP,1999-04-21,Serial Numbers,"MANDT, MATNR, SERNR, ERNAM, ERDAT, AENAM, AEDAT, EQUNR, STATUS, WERK, LAGER, CHARGE, KUNDE, SDBELN, WABELN, BLART","{""MANDT"": ""Client"", ""MATNR"": ""Material Number"", ""SERNR"": ""Serial Number"", ""ERNAM"": ""Name of Person who Created the Object"", ""ERDAT"": ""Date on which the record was created"", ""AENAM"": ""Name of Person Who Changed Object"", ""AEDAT"": ""Last Changed On"", ""EQUNR"": ""Equipment Number"", ""STATUS"": ""Status of Serial Number Managment"", ""WERK"": ""Plant"", ""LAGER"": ""Storage location"", ""CHARGE"": ""Batch Number"", ""KUNDE"": ""Sold-to party"", ""SDBELN"": ""Delivery"", ""WABELN"": ""Number of Material Document"", ""BLART"": ""Document type""}",sapdatasheet.org,2026-04-27
T001,org_master,TRANSP,2014-10-13,Company Codes,"MANDT, BUKRS, BUTXT, ORT01, LAND1, WAERS, SPRAS, KTOPL, BUVAR, FDBUK, XFDIS, WAABW, XVALV, XSKFN, KKBER, XMWSN, PERIV, KOKFI","{""MANDT"": ""Client"", ""BUKRS"": ""Company Code"", ""BUTXT"": ""Name of Company Code or Company"", ""ORT01"": ""City"", ""LAND1"": ""Country Key"", ""WAERS"": ""Currency Key"", ""SPRAS"": ""Language Key"", ""KTOPL"": ""Chart of Accounts"", ""BUVAR"": ""Company Code Variant (Screen)"", ""FDBUK"": ""Cash Management and Forecast Company Code"", ""XFDIS"": ""Indicator: Cash Management activated?"", ""WAABW"": ""Maximum exchange rate deviation in percent"", ""XVALV"": ""Indicator: Propose current date as value date ?"", ""XSKFN"": ""Indicator: Discount base amount is the net value"", ""KKBER"": ""Credit control area"", ""XMWSN"": ""Indicator: Base amount for tax is net of discount ?"", ""PERIV"": ""Fiscal Year Variant"", ""KOKFI"": ""Allocation Indicator""}",sapdatasheet.org,2026-04-27
T001L,org_master,TRANSP,2011-09-01,Storage Locations,"MANDT, WERKS, LGORT, LGOBE, SPART, XLONG, XBUFX, DISKZ, XBLGO, XRESS, XHUPF, PARLG, VKORG, VTWEG, VSTEL, LIFNR, KUNNR, MESBS","{""MANDT"": ""Client"", ""WERKS"": ""Plant"", ""LGORT"": ""Storage location"", ""LGOBE"": ""Description of Storage Location"", ""SPART"": ""Division"", ""XLONG"": ""Negative stocks allowed in storage location"", ""XBUFX"": ""Freezing book inventory bal. allowed in stor. loc."", ""DISKZ"": ""Storage location MRP indicator"", ""XBLGO"": ""Storage Location Authorization for Goods Movements Active"", ""XRESS"": ""Storage Location Is Allocated to Resource (Storage Resource)"", ""XHUPF"": ""Indicator: handling unit requirement"", ""PARLG"": ""Partner Storage Location of Handling Unit"", ""VKORG"": ""Sales Organization"", ""VTWEG"": ""Distribution Channel"", ""VSTEL"": ""Shipping Point/Receiving Point"", ""LIFNR"": ""Vendor's account number"", ""KUNNR"": ""Account number of customer"", ""MESBS"": ""Business System of MES""}",sapdatasheet.org,2026-04-27
T001W,org_master,TRANSP,2013-06-04,Plants/Branches,"MANDT, WERKS, NAME1, NAME2, STRAS, PFACH, PSTLZ, ORT01, EKORG, BWKEY, VKORG, CHAZV, FABKL, KKOWK, KORDB, BEDPL, LAND1, REGIO","{""MANDT"": ""Client"", ""WERKS"": ""Plant"", ""NAME1"": ""Name"", ""NAME2"": ""Name 2"", ""STRAS"": ""House number and street"", ""PFACH"": ""PO Box"", ""PSTLZ"": ""Postal Code"", ""ORT01"": ""City"", ""EKORG"": ""Purchasing organization"", ""BWKEY"": ""Valuation area"", ""VKORG"": ""Sales organization for intercompany billing"", ""CHAZV"": ""Indicator: batch status management active"", ""FABKL"": ""Factory calendar key"", ""KKOWK"": ""Indicator: Conditions at plant level"", ""KORDB"": ""Indicator: Source list requirement"", ""BEDPL"": ""Activating requirements planning"", ""LAND1"": ""Country Key"", ""REGIO"": ""Region (State, Province, County)""}",sapdatasheet.org,2026-04-27
T023,org_master,TRANSP,2011-09-08,Material Groups,"MANDT, MATKL, SPART, LREF3, WWGDA, WWGPA, ABTNR, BEGRU, GEWEI, J_1BNBM, BKLAS, EKWSL, ANLKL","{""MANDT"": ""Client"", ""MATKL"": ""Material Group"", ""SPART"": ""Division"", ""LREF3"": ""Material group-related supply relat. between plants /DEACT."", ""WWGDA"": ""Material group reference material"", ""WWGPA"": ""Material group material"", ""ABTNR"": ""Department number"", ""BEGRU"": ""Authorization Group"", ""GEWEI"": ""Default unit of weight in the material master"", ""J_1BNBM"": ""Brazilian NCM Code"", ""BKLAS"": ""Valuation Class"", ""EKWSL"": ""Purchasing Value Key"", ""ANLKL"": ""Default: Asset Class for Creation of Asset""}",sapdatasheet.org,2026-04-27
T024,org_master,TRANSP,1999-11-22,Purchasing Groups,"MANDT, EKGRP, EKNAM, EKTEL, LDEST, TELFX","{""MANDT"": ""Client"", ""EKGRP"": ""Purchasing group"", ""EKNAM"": ""Description of purchasing group"", ""EKTEL"": ""Telephone number of purchasing group (buyer group)"", ""LDEST"": ""Spool: Output device"", ""TELFX"": ""Fax number of purchasing (buyer) group""}",sapdatasheet.org,2026-04-27
T024E,org_master,TRANSP,2003-01-14,Purchasing Organizations,"MANDT, EKORG, EKOTX, BUKRS, TXADR, TXKOP, TXFUS, TXGRU, KALSE, MKALS, BPEFF","{""MANDT"": ""Client"", ""EKORG"": ""Purchasing organization"", ""EKOTX"": ""Description of purchasing organization"", ""BUKRS"": ""Company Code"", ""TXADR"": ""Text Name: Sender Line"", ""TXKOP"": ""Text Name: Letter Heading"", ""TXFUS"": ""Text Name: Footer Lines"", ""TXGRU"": ""Text Name: Complimentary Close"", ""KALSE"": ""Group for Calculation Schema (Purchasing Organization)"", ""MKALS"": ""Calculation Schema for Market Price"", ""BPEFF"": ""Effective Price""}",sapdatasheet.org,2026-04-27
T156,org_master,TRANSP,2013-05-29,Movement Type,"MANDT, BWART, SHKZG, KZWES, KZVBU, KZDRU, KZKON, CHNEU, KZZDE, RSTYP, SELPA, XLAUT, KZSTR, KZGRU, XINVB, QSSBW, KZBWA, XSTBW","{""MANDT"": ""Client"", ""BWART"": ""Movement type (inventory management)"", ""SHKZG"": ""Debit/Credit Indicator"", ""KZWES"": ""GR blocked stock"", ""KZVBU"": ""Consumption Posting"", ""KZDRU"": ""Printing of document item"", ""KZKON"": ""Display or suppress account field/manual account assignment"", ""CHNEU"": ""Control: create batch (automatically/manually)"", ""KZZDE"": ""Maintain status data of a batch"", ""RSTYP"": ""Account assignment of reservation"", ""SELPA"": ""Selection parameter for purchasing lists"", ""XLAUT"": ""Automatic creation of storage location allowed"", ""KZSTR"": ""Transaction/event is relevant to statistics"", ""KZGRU"": ""Control: Reason for movement"", ""XINVB"": ""Generate physical inventory document for material doc. item"", ""QSSBW"": ""Inspection by quality assurance"", ""KZBWA"": ""Movement type category"", ""XSTBW"": ""Reversal transaction type""}",sapdatasheet.org,2026-04-27
